"","zipy","pricevol"
"1","1000_5",2139.12358138294
"2","1500_5",2126.24093178548
"3","1800_5",2250.54580284745
"4","2000_5",2774.56961022138
"5","2100_5",2243.07748360481
"6","2200_5",2061.87104695849
"7","2300_5",1596.29012154034
"8","2400_5",1412.3924085402
"9","2450_5",1614.82599128911
"10","2500_5",1833.75384799822
"11","2600_5",835.468496365676
"12","2605_5",1064.52193726023
"13","2610_5",912.322336644581
"14","2620_5",882.835515166562
"15","2625_5",739.185285808681
"16","2630_5",532.401743741735
"17","2633_5",NA
"18","2635_5",623.979496466177
"19","2640_5",822.698788352523
"20","2650_5",939.798328231454
"21","2660_5",1737.07570358922
"22","2665_5",1070.03871319916
"23","2670_5",985.770603979965
"24","2680_5",1214.75321025825
"25","2690_5",874.194231033029
"26","2700_5",1561.97326061418
"27","2720_5",1455.21873785949
"28","2730_5",1245.45782158009
"29","2740_5",1520.81836522315
"30","2750_5",1349.5456289582
"31","2760_5",1927.31447133792
"32","2765_5",856.922184151293
"33","2770_5",1176.80344659259
"34","2791_5",1451.13547175717
"35","2800_5",1608.70964147363
"36","2820_5",1906.95770756086
"37","2830_5",1693.85888407162
"38","2840_5",1694.77415399192
"39","2850_5",1462.80441314112
"40","2860_5",1329.35011924885
"41","2870_5",1534.90338176113
"42","2880_5",1122.84464779246
"43","2900_5",3121.36021336422
"44","2920_5",2831.13025665183
"45","2930_5",3949.04328488842
"46","2942_5",3371.58419053105
"47","2950_5",2615.46280731127
"48","2960_5",2488.0456329072
"49","2970_5",1295.94356289725
"50","2980_5",822.191440679146
"51","2990_5",677.319169322423
"52","3000_5",1192.39391924683
"53","3050_5",1743.04363772042
"54","3060_5",1796.88947658718
"55","3070_5",1624.30149506156
"56","3080_5",3782.31417256684
"57","3100_5",1435.67937501977
"58","3120_5",978.273479145786
"59","3140_5",1485.74175197826
"60","3150_5",NA
"61","3200_5",769.595840137552
"62","3210_5",1428.54651406846
"63","3220_5",NA
"64","3230_5",598.844944753767
"65","3250_5",1801.66384886155
"66","3300_5",1127.51637857829
"67","3310_5",836.646022321667
"68","3320_5",1140.27207749479
"69","3330_5",545.758646289731
"70","3360_5",3144.77095085371
"71","3370_5",510.531096016687
"72","3390_5",652.570507958445
"73","3400_5",926.603185517565
"74","3450_5",869.389637090047
"75","3460_5",1624.16605388928
"76","3480_5",1217.27345720046
"77","3490_5",NA
"78","3500_5",1208.61890249093
"79","3520_5",1089.41038693662
"80","3540_5",1232.99597380874
"81","3550_5",1136.88421322741
"82","3600_5",1306.67557106565
"83","3630_5",661.44137792292
"84","3650_5",792.509366041957
"85","3660_5",976.148719595227
"86","3670_5",623.329928689454
"87","3700_5",294.225253844737
"88","3720_5",388.035137400137
"89","3730_5",407.261389387349
"90","3740_5",861.129065737037
"91","3751_5",135.922772190682
"92","3760_5",474.924906344852
"93","3770_5",473.134211554034
"94","3782_5",587.868239205578
"95","3790_5",1032.80836799476
"96","4000_5",985.653642320189
"97","4030_5",367.412355924123
"98","4040_5",1289.87340879417
"99","4050_5",903.132168780248
"100","4060_5",954.766538404621
"101","4070_5",555.078356759527
"102","4100_5",569.933466860483
"103","4105_5",NA
"104","4130_5",1035.56491656901
"105","4140_5",1009.05599448197
"106","4160_5",495.014123175145
"107","4171_5",1180.2400683961
"108","4173_5",686.543419360106
"109","4174_5",NA
"110","4180_5",623.303177530709
"111","4190_5",NA
"112","4200_5",870.581527837749
"113","4220_5",812.829901723221
"114","4230_5",674.817951641139
"115","4241_5",1376.91196938242
"116","4242_5",406.314328240259
"117","4243_5",NA
"118","4250_5",563.02778414061
"119","4261_5",936.013034097282
"120","4262_5",702.42145807336
"121","4270_5",438.394038888913
"122","4281_5",588.904309471654
"123","4291_5",692.475425041
"124","4293_5",561.232556203627
"125","4295_5",859.385827204522
"126","4296_5",NA
"127","4300_5",1553.15215071603
"128","4320_5",1104.88906198121
"129","4330_5",601.712066286098
"130","4340_5",800.703875617304
"131","4350_5",255.391692634406
"132","4360_5",207.182286887658
"133","4370_5",1130.57626898852
"134","4390_5",1664.88699208942
"135","4400_5",470.722050807665
"136","4420_5",1520.69074217388
"137","4440_5",888.989946512333
"138","4450_5",818.2505292216
"139","4460_5",1228.32364084824
"140","4470_5",1001.2324904836
"141","4480_5",NA
"142","4490_5",422.247874899499
"143","4500_5",310.809082419233
"144","4520_5",1085.03245507746
"145","4532_5",1046.49781015856
"146","4534_5",750.396359551785
"147","4540_5",954.56451364708
"148","4550_5",2034.18986594523
"149","4560_5",863.198030167883
"150","4571_5",1013.50443417641
"151","4572_5",NA
"152","4573_5",1282.09261235945
"153","4581_5",1303.08825487762
"154","4583_5",1085.4209782384
"155","4591_5",944.807463379255
"156","4592_5",NA
"157","4593_5",1255.04355834104
"158","4600_5",909.830901967676
"159","4621_5",1174.4389744733
"160","4622_5",978.083804472515
"161","4623_5",1089.15375625387
"162","4632_5",716.230958360699
"163","4640_5",414.5192568334
"164","4652_5",905.217258846895
"165","4653_5",968.141629249416
"166","4654_5",1176.6441915768
"167","4660_5",724.006856715756
"168","4671_5",3589.8784101972
"169","4672_5",1249.88099433506
"170","4673_5",688.047866551933
"171","4681_5",900.076822118138
"172","4682_5",733.595983267811
"173","4683_5",325.294957728843
"174","4684_5",516.99569976106
"175","4690_5",551.399468325196
"176","4700_5",458.462971537165
"177","4720_5",1134.08561023721
"178","4733_5",476.011329396986
"179","4735_5",895.16590641065
"180","4736_5",1977.09776777309
"181","4750_5",783.039396472854
"182","4760_5",1168.00246991212
"183","4771_5",1327.85388969606
"184","4772_5",NA
"185","4773_5",1428.58708753323
"186","4780_5",811.655451178991
"187","4791_5",NA
"188","4792_5",838.899457622903
"189","4793_5",NA
"190","4800_5",667.060340732706
"191","4840_5",292.632387622618
"192","4850_5",304.834849901198
"193","4862_5",1169.23493504656
"194","4863_5",586.34713836316
"195","4871_5",560.68912955398
"196","4872_5",421.136399123451
"197","4873_5",1584.0269057359
"198","4874_5",524.978548314573
"199","4880_5",645.368370260995
"200","4891_5",714.164880255586
"201","4892_5",699.738427318857
"202","4894_5",920.838585203726
"203","4895_5",410.786238003823
"204","4900_5",322.266720723245
"205","4912_5",NA
"206","4913_5",502.768460625764
"207","4920_5",496.972261370218
"208","4930_5",451.237010101913
"209","4941_5",284.741988473776
"210","4943_5",NA
"211","4944_5",NA
"212","4951_5",720.025231039394
"213","4952_5",520.8168584061
"214","4953_5",NA
"215","4960_5",491.654858615269
"216","4970_5",431.576843017059
"217","4983_5",443.25274956846
"218","4990_5",252.358588407165
"219","5000_5",825.026824200052
"220","5200_5",645.639314942949
"221","5210_5",543.147161721125
"222","5220_5",652.894858632362
"223","5230_5",803.726140259838
"224","5240_5",416.659140408217
"225","5250_5",846.517801368194
"226","5260_5",825.741571472057
"227","5270_5",453.954830361932
"228","5290_5",NA
"229","5300_5",787.080137506431
"230","5320_5",794.889749767673
"231","5330_5",561.841980199313
"232","5350_5",NA
"233","5370_5",NA
"234","5380_5",NA
"235","5390_5",NA
"236","5400_5",841.305575536363
"237","5450_5",451.569880686098
"238","5462_5",786.981893057267
"239","5463_5",396.81444026144
"240","5464_5",301.97171501097
"241","5466_5",NA
"242","5471_5",365.985533476783
"243","5474_5",782.740271950622
"244","5485_5",NA
"245","5491_5",NA
"246","5492_5",579.906627336308
"247","5500_5",627.630450299264
"248","5540_5",549.57769501422
"249","5550_5",635.707030456191
"250","5560_5",313.461065023576
"251","5580_5",341.004985300802
"252","5591_5",604.329104600024
"253","5592_5",830.880084179248
"254","5600_5",1055.47579579419
"255","5610_5",615.263648481573
"256","5620_5",220.389752159992
"257","5631_5",304.031577307358
"258","5642_5",NA
"259","5672_5",394.900349093649
"260","5683_5",387.815286481298
"261","5690_5",531.663427367352
"262","5700_5",1056.94020122571
"263","5750_5",420.387151495924
"264","5762_5",1013.54095519478
"265","5771_5",512.394309659493
"266","5772_5",1278.63416712261
"267","5792_5",467.343384767255
"268","5800_5",912.505395599609
"269","5853_5",508.328914891024
"270","5854_5",NA
"271","5856_5",562.210992421884
"272","5863_5",422.849855149555
"273","5871_5",401.963514098813
"274","5874_5",1038.26417640213
"275","5881_5",467.258672114993
"276","5882_5",NA
"277","5883_5",NA
"278","5884_5",NA
"279","5892_5",NA
"280","5900_5",479.736516225313
"281","5932_5",1402.61356046489
"282","5935_5",NA
"283","5953_5",513.269167294547
"284","5960_5",983.448863269802
"285","5970_5",1277.62318388483
"286","5985_5",NA
"287","6000_5",640.986448960245
"288","6040_5",694.465351907494
"289","6051_5",1749.13623921447
"290","6052_5",NA
"291","6064_5",837.604739719159
"292","6070_5",378.559204654399
"293","6091_5",460.536591793695
"294","6092_5",NA
"295","6093_5",NA
"296","6094_5",NA
"297","6100_5",2294.66996764007
"298","6200_5",1056.69469931795
"299","6230_5",445.92678370846
"300","6240_5",385.654607376181
"301","6261_5",274.623135709042
"302","6270_5",656.186983368961
"303","6280_5",745.477475626639
"304","6300_5",749.230069089977
"305","6310_5",639.639128169716
"306","6320_5",NA
"307","6330_5",636.900979071988
"308","6340_5",887.289411635234
"309","6360_5",434.538567524986
"310","6372_5",480.061107221431
"311","6392_5",NA
"312","6400_5",976.428991498981
"313","6430_5",307.781462358324
"314","6440_5",475.383379119272
"315","6470_5",929.064775536591
"316","6500_5",431.518063684146
"317","6510_5",507.719481041029
"318","6520_5",NA
"319","6534_5",NA
"320","6535_5",NA
"321","6541_5",NA
"322","6560_5",430.829819456979
"323","6580_5",664.431389556944
"324","6600_5",420.900310558892
"325","6621_5",NA
"326","6622_5",947.273103879411
"327","6623_5",NA
"328","6630_5",200.159177727556
"329","6640_5",753.991462153253
"330","6650_5",314.687600191501
"331","6660_5",NA
"332","6670_5",409.229240681273
"333","6682_5",NA
"334","6683_5",NA
"335","6690_5",433.085441916488
"336","6700_5",593.312883474554
"337","6705_5",489.331030226836
"338","6710_5",587.680413028325
"339","6715_5",776.753580616144
"340","6720_5",1096.51062893576
"341","6731_5",1071.9290088434
"342","6740_5",406.424830512535
"343","6752_5",NA
"344","6753_5",NA
"345","6760_5",922.665200074529
"346","6771_5",605.967215834872
"347","6780_5",385.546365564506
"348","6792_5",NA
"349","6800_5",547.060731298565
"350","6818_5",339.157338119051
"351","6823_5",672.827969239148
"352","6830_5",591.950755070531
"353","6840_5",624.586034334514
"354","6851_5",621.136699930056
"355","6852_5",NA
"356","6853_5",NA
"357","6854_5",NA
"358","6855_5",67.8822509939086
"359","6857_5",2177.88888605457
"360","6862_5",357.088924499206
"361","6870_5",405.098378703953
"362","6880_5",365.085092820838
"363","6893_5",714.018848957551
"364","6900_5",456.643480033541
"365","6920_5",528.460567524741
"366","6933_5",529.184817836426
"367","6940_5",556.030724570744
"368","6950_5",579.090102993579
"369","6960_5",230.754456181498
"370","6971_5",502.355783616884
"371","6973_5",NA
"372","6980_5",NA
"373","6990_5",641.050922871409
"374","7000_5",552.981535529898
"375","7007_5",NA
"376","7080_5",710.930564722845
"377","7100_5",555.459250113419
"378","7120_5",1440.55591947791
"379","7130_5",1166.20605873429
"380","7140_5",574.355029576655
"381","7150_5",NA
"382","7160_5",651.880539742703
"383","7171_5",752.941952167186
"384","7173_5",NA
"385","7182_5",708.599087401802
"386","7183_5",NA
"387","7184_5",298.973800412901
"388","7190_5",411.028652981065
"389","7200_5",530.550051496423
"390","7250_5",233.012446019521
"391","7260_5",1384.09714426477
"392","7270_5",NA
"393","7280_5",NA
"394","7300_5",558.842937301196
"395","7321_5",NA
"396","7323_5",475.902432227447
"397","7330_5",371.203448259846
"398","7361_5",398.163659818422
"399","7362_5",NA
"400","7400_5",587.625832383333
"401","7430_5",436.021288119657
"402","7441_5",391.707033380816
"403","7442_5",391.224743593756
"404","7451_5",749.195981734832
"405","7470_5",653.262479151119
"406","7480_5",762.453370939589
"407","7490_5",688.689117091304
"408","7500_5",520.731549613013
"409","7540_5",680.943830282645
"410","7550_5",515.73345829023
"411","7560_5",NA
"412","7570_5",NA
"413","7600_5",776.571356301899
"414","7620_5",835.509468326951
"415","7650_5",243.019203630769
"416","7660_5",473.745008768782
"417","7673_5",920.058150336162
"418","7680_5",NA
"419","7700_5",586.845468522925
"420","7730_5",NA
"421","7741_5",NA
"422","7742_5",NA
"423","7752_5",509.45585466961
"424","7755_5",840.064056514513
"425","7760_5",565.93852202716
"426","7770_5",414.527039729216
"427","7790_5",1165.94236564249
"428","7800_5",303.619575251798
"429","7830_5",483.552922203381
"430","7840_5",325.483669402351
"431","7850_5",324.724865224759
"432","7860_5",255.288632168151
"433","7870_5",278.617377162916
"434","7884_5",NA
"435","7900_5",368.54918260661
"436","7950_5",594.069580660941
"437","7960_5",NA
"438","7970_5",NA
"439","7980_5",NA
"440","7990_5",280.116642371233
"441","8000_5",3032.1707753872
"442","8200_5",2235.84200925648
"443","8210_5",1131.15146652486
"444","8220_5",1208.92656020981
"445","8230_5",1967.40855408717
"446","8240_5",1494.95590191402
"447","8245_5",NA
"448","8250_5",1529.3749352562
"449","8260_5",1142.04036921046
"450","8270_5",1710.44805322588
"451","8300_5",732.470182083567
"452","8305_5",705.183866600964
"453","8310_5",1227.37094171706
"454","8320_5",701.989173705692
"455","8330_5",1243.90405578565
"456","8340_5",1554.6964065909
"457","8350_5",448.336146211746
"458","8355_5",1205.64126386868
"459","8361_5",1251.85781227057
"460","8362_5",1031.16403537805
"461","8370_5",665.251174369501
"462","8380_5",1464.89935661123
"463","8381_5",886.525440775874
"464","8382_5",894.071425718166
"465","8400_5",774.233065223718
"466","8410_5",939.946113577035
"467","8420_5",1018.80139660009
"468","8444_5",637.575355023493
"469","8450_5",713.251696207487
"470","8462_5",812.823084481898
"471","8464_5",489.839343379454
"472","8471_5",627.800817669638
"473","8472_5",NA
"474","8500_5",546.113541308032
"475","8520_5",1130.92512083481
"476","8530_5",1374.62528227392
"477","8541_5",1375.68153888484
"478","8543_5",876.203162595786
"479","8544_5",419.293091319868
"480","8550_5",1032.85940648833
"481","8560_5",474.495822652092
"482","8570_5",353.646150834418
"483","8581_5",NA
"484","8585_5",1169.10246200522
"485","8586_5",499.413155613666
"486","8592_5",NA
"487","8600_5",583.658439457725
"488","8620_5",533.065511251398
"489","8632_5",NA
"490","8641_5",NA
"491","8643_5",NA
"492","8653_5",417.869746452169
"493","8654_5",511.996372755009
"494","8660_5",808.30323155508
"495","8670_5",1204.348430836
"496","8680_5",867.26248292297
"497","8700_5",518.984974381451
"498","8721_5",716.822851198258
"499","8722_5",432.842741981097
"500","8723_5",380.577005536143
"501","8732_5",784.311417741703
"502","8740_5",363.341609232964
"503","8751_5",884.743923134717
"504","8752_5",673.166858251072
"505","8762_5",NA
"506","8763_5",785.179172758252
"507","8765_5",NA
"508","8766_5",622.745734630114
"509","8781_5",NA
"510","8783_5",695.566819220123
"511","8800_5",406.786671146552
"512","8830_5",601.688279522117
"513","8831_5",601.091903281417
"514","8832_5",882.452812713896
"515","8840_5",554.6117560961
"516","8850_5",547.97419125878
"517","8860_5",804.094166482651
"518","8870_5",540.779183216218
"519","8881_5",644.143552841031
"520","8882_5",706.262486615281
"521","8883_5",NA
"522","8900_5",877.810112629029
"523","8920_5",448.866819938042
"524","8930_5",716.808078483576
"525","8940_5",426.611139099398
"526","8950_5",571.160707306997
"527","8960_5",754.067080734396
"528","8961_5",669.660348342992
"529","8963_5",976.231000668728
"530","8970_5",522.278159786982
"531","8981_5",675.264696777705
"532","8983_5",625.067691572376
"533","8990_5",408.317176551105
"534","9000_5",682.996054451794
"535","9200_5",580.212698508545
"536","9210_5",779.574815988363
"537","9220_5",721.966053317507
"538","9230_5",364.268641056491
"539","9240_5",1031.69067208013
"540","9260_5",1307.82709647939
"541","9270_5",569.935820321652
"542","9280_5",433.614027678995
"543","9293_5",254.218016670731
"544","9300_5",186.448336390693
"545","9310_5",637.321795821053
"546","9320_5",470.45079698195
"547","9330_5",409.815616205281
"548","9340_5",602.996614141959
"549","9352_5",1048.63935649965
"550","9362_5",637.939838930943
"551","9370_5",838.642610753489
"552","9380_5",894.632779146734
"553","9381_5",767.947394031649
"554","9382_5",593.068503631747
"555","9400_5",467.744857260343
"556","9430_5",744.783122794817
"557","9440_5",271.994616543364
"558","9460_5",350.407696221742
"559","9480_5",1907.35174952827
"560","9490_5",494.583500822373
"561","9492_5",2516.58596448972
"562","9493_5",NA
"563","9500_5",328.048667992157
"564","9510_5",396.204702984034
"565","9520_5",845.781622862207
"566","9530_5",702.418461885565
"567","9541_5",516.513600982588
"568","9550_5",532.505667307199
"569","9560_5",543.223562896267
"570","9574_5",NA
"571","9575_5",NA
"572","9600_5",707.194040355464
"573","9610_5",406.193655433324
"574","9620_5",339.578415097309
"575","9631_5",NA
"576","9632_5",580.185602487112
"577","9640_5",581.201219151214
"578","9670_5",573.750427948798
"579","9681_5",NA
"580","9690_5",408.599327843654
"581","9700_5",362.141152433294
"582","9740_5",589.46822281976
"583","9750_5",NA
"584","9760_5",384.555935927588
"585","9800_5",897.95359344835
"586","9830_5",658.804877537095
"587","9850_5",461.681012326538
"588","9870_5",458.275338322155
"589","9881_5",888.75703466508
"590","9900_5",391.854004212531
"591","9940_5",855.774669941969
"592","9970_5",1185.39727517824
"593","9981_5",NA
"594","9982_5",123.75782803524
"595","9990_5",970.924434043007
"596","1000_7",1891.29951072952
"597","1500_7",2008.93297904278
"598","1800_7",1678.07676905949
"599","2000_7",2746.87602720086
"600","2100_7",2438.03819121087
"601","2200_7",2353.49762511641
"602","2300_7",1906.84701847213
"603","2400_7",1593.79415535943
"604","2450_7",1873.39298276073
"605","2500_7",1609.71622194775
"606","2600_7",1392.6719370387
"607","2605_7",1320.80396917938
"608","2610_7",1091.83918131088
"609","2620_7",1441.42248826163
"610","2625_7",1386.89975004204
"611","2630_7",851.792093036506
"612","2633_7",NA
"613","2635_7",922.996360629265
"614","2640_7",1151.28566567436
"615","2650_7",820.412993396484
"616","2660_7",1965.63844589996
"617","2665_7",790.323535529729
"618","2670_7",1009.63188808341
"619","2680_7",1640.1768493925
"620","2690_7",1249.72802041084
"621","2700_7",1570.49340455962
"622","2720_7",1884.05528142643
"623","2730_7",1318.54112313283
"624","2740_7",873.425931114286
"625","2750_7",1749.4545723116
"626","2760_7",1444.9955017231
"627","2765_7",1791.94172417999
"628","2770_7",1373.32196365367
"629","2791_7",1135.59782084781
"630","2800_7",2281.48605215125
"631","2820_7",2330.63067375382
"632","2830_7",1856.34584310019
"633","2840_7",2057.73393608392
"634","2850_7",3226.84034915456
"635","2860_7",1953.70483544549
"636","2870_7",2554.14706284005
"637","2880_7",1411.47086878596
"638","2900_7",1818.40818982661
"639","2920_7",2467.09982081549
"640","2930_7",2561.84786823886
"641","2942_7",4734.45522209261
"642","2950_7",2060.51677175088
"643","2960_7",4972.9623249844
"644","2970_7",1251.11545383302
"645","2980_7",1481.74864084458
"646","2990_7",1354.90457228544
"647","3000_7",2019.32814242034
"648","3050_7",3944.83554009653
"649","3060_7",2044.22531385343
"650","3070_7",1879.98365779371
"651","3080_7",NA
"652","3100_7",4398.91680985217
"653","3120_7",NA
"654","3140_7",2974.77949963162
"655","3150_7",NA
"656","3200_7",646.630041611342
"657","3210_7",2036.73696550798
"658","3220_7",NA
"659","3230_7",1141.53454831643
"660","3250_7",2050.13671582444
"661","3300_7",1345.15307410644
"662","3310_7",NA
"663","3320_7",1746.38421868892
"664","3330_7",NA
"665","3360_7",NA
"666","3370_7",NA
"667","3390_7",1184.78762412751
"668","3400_7",1106.2132421833
"669","3450_7",1879.73827965491
"670","3460_7",1704.8633610391
"671","3480_7",1928.13002004073
"672","3490_7",NA
"673","3500_7",1211.40727554299
"674","3520_7",1769.62717165219
"675","3540_7",2578.03987556438
"676","3550_7",1453.75582543975
"677","3600_7",1077.20022643649
"678","3630_7",1098.10655220703
"679","3650_7",1330.48033605467
"680","3660_7",1300.37664186738
"681","3670_7",3399.70018285927
"682","3700_7",695.169403814639
"683","3720_7",346.665647892276
"684","3730_7",760.356295711801
"685","3740_7",1541.44461463914
"686","3751_7",360.719835883751
"687","3760_7",2561.16442267965
"688","3770_7",1137.16268939095
"689","3782_7",475.417009932684
"690","3790_7",698.438002157058
"691","4000_7",1229.2795087365
"692","4030_7",602.199777008072
"693","4040_7",1989.08146305441
"694","4050_7",1053.58394302495
"695","4060_7",531.335110829315
"696","4070_7",1086.33261645383
"697","4100_7",985.940310993271
"698","4105_7",NA
"699","4130_7",776.763431535901
"700","4140_7",1359.1419562146
"701","4160_7",1227.02832078155
"702","4171_7",1885.24964243087
"703","4173_7",910.424260075122
"704","4174_7",NA
"705","4180_7",1058.58320915943
"706","4190_7",NA
"707","4200_7",469.874684101321
"708","4220_7",664.759208694132
"709","4230_7",1117.30249133476
"710","4241_7",1167.19675627426
"711","4242_7",NA
"712","4243_7",NA
"713","4250_7",1071.64085635067
"714","4261_7",1360.16249029298
"715","4262_7",605.705346407531
"716","4270_7",1519.40437108004
"717","4281_7",982.254104089161
"718","4291_7",1396.48556332367
"719","4293_7",1770.5348667241
"720","4295_7",673.905130563643
"721","4296_7",NA
"722","4300_7",1313.24538382424
"723","4320_7",1689.86305446836
"724","4330_7",1883.01818012112
"725","4340_7",1082.76125187939
"726","4350_7",885.912147638429
"727","4360_7",NA
"728","4370_7",NA
"729","4390_7",1378.90553562979
"730","4400_7",861.430958797717
"731","4420_7",1679.53989766756
"732","4440_7",868.164473801726
"733","4450_7",728.444869960266
"734","4460_7",2112.32500261363
"735","4470_7",992.750139403523
"736","4480_7",181.726442764943
"737","4490_7",529.876114227252
"738","4500_7",924.137323061356
"739","4520_7",637.939260431587
"740","4532_7",639.234177225634
"741","4534_7",892.267683516342
"742","4540_7",774.769965860835
"743","4550_7",1071.43541069246
"744","4560_7",1981.45983341287
"745","4571_7",NA
"746","4572_7",NA
"747","4573_7",1065.21420381067
"748","4581_7",3145.21096271776
"749","4583_7",NA
"750","4591_7",1611.85063705992
"751","4592_7",NA
"752","4593_7",NA
"753","4600_7",1644.9767610374
"754","4621_7",2067.37776168842
"755","4622_7",1316.49499302757
"756","4623_7",1488.64024084621
"757","4632_7",1506.53750960842
"758","4640_7",929.755488210283
"759","4652_7",1035.61779353472
"760","4653_7",1115.58104655313
"761","4654_7",1023.50821756768
"762","4660_7",943.355172850002
"763","4671_7",NA
"764","4672_7",1820.79996155536
"765","4673_7",NA
"766","4681_7",926.143578810234
"767","4682_7",1467.24657096209
"768","4683_7",983.201912121818
"769","4684_7",892.501420567097
"770","4690_7",890.605853177648
"771","4700_7",799.703903368193
"772","4720_7",1243.36168022709
"773","4733_7",1392.15418250176
"774","4735_7",2303.59522630749
"775","4736_7",1228.24447892103
"776","4750_7",767.952705016954
"777","4760_7",733.542295388828
"778","4771_7",2027.72398680557
"779","4772_7",NA
"780","4773_7",2468.92300406473
"781","4780_7",518.439123716565
"782","4791_7",538.470364396531
"783","4792_7",NA
"784","4793_7",NA
"785","4800_7",644.532063833254
"786","4840_7",706.677121160314
"787","4850_7",493.385950781507
"788","4862_7",NA
"789","4863_7",887.40276462645
"790","4871_7",400.620227480674
"791","4872_7",651.598189070535
"792","4873_7",4531.1402538434
"793","4874_7",314.75101270687
"794","4880_7",1394.37889398829
"795","4891_7",671.015399723931
"796","4892_7",901.274079659826
"797","4894_7",1377.23140152021
"798","4895_7",NA
"799","4900_7",552.387480462246
"800","4912_7",NA
"801","4913_7",333.64547052223
"802","4920_7",613.486697958015
"803","4930_7",915.56351695086
"804","4941_7",NA
"805","4943_7",NA
"806","4944_7",NA
"807","4951_7",NA
"808","4952_7",NA
"809","4953_7",NA
"810","4960_7",600.562578516416
"811","4970_7",477.2097472361
"812","4983_7",688.795325187388
"813","4990_7",674.236499414602
"814","5000_7",802.060380930277
"815","5200_7",1204.4109803235
"816","5210_7",784.746137295368
"817","5220_7",755.142749040585
"818","5230_7",1574.1827880178
"819","5240_7",872.386873550294
"820","5250_7",1043.52395867034
"821","5260_7",737.809003062446
"822","5270_7",822.585922961249
"823","5290_7",NA
"824","5300_7",1679.75499914209
"825","5320_7",421.895129149413
"826","5330_7",1256.99468688501
"827","5350_7",NA
"828","5370_7",NA
"829","5380_7",NA
"830","5390_7",NA
"831","5400_7",1196.32949753263
"832","5450_7",883.395630103361
"833","5462_7",NA
"834","5463_7",254.713564617199
"835","5464_7",NA
"836","5466_7",NA
"837","5471_7",786.302695258911
"838","5474_7",NA
"839","5485_7",NA
"840","5491_7",NA
"841","5492_7",1083.83168665619
"842","5500_7",1723.79272453009
"843","5540_7",896.382890128033
"844","5550_7",914.669924851895
"845","5560_7",980.646106255608
"846","5580_7",806.886485200985
"847","5591_7",1505.22564753594
"848","5592_7",1331.65165302342
"849","5600_7",1346.39783974022
"850","5610_7",562.888833861282
"851","5620_7",867.381609871259
"852","5631_7",666.772075000146
"853","5642_7",NA
"854","5672_7",901.701714616789
"855","5683_7",1072.70003129619
"856","5690_7",1052.77253003676
"857","5700_7",1301.05272109486
"858","5750_7",1007.59799239861
"859","5762_7",670.092197814173
"860","5771_7",637.563304046482
"861","5772_7",1495.9606325989
"862","5792_7",1207.23254210375
"863","5800_7",2520.01692463001
"864","5853_7",570.117782317203
"865","5854_7",NA
"866","5856_7",308.950373576944
"867","5863_7",NA
"868","5871_7",1604.66712020489
"869","5874_7",2078.25054633298
"870","5881_7",1707.17426824061
"871","5882_7",NA
"872","5883_7",NA
"873","5884_7",NA
"874","5892_7",NA
"875","5900_7",1080.85217702118
"876","5932_7",185.669060427417
"877","5935_7",NA
"878","5953_7",1344.97264974847
"879","5960_7",1091.17190442203
"880","5970_7",NA
"881","5985_7",NA
"882","6000_7",942.336079504518
"883","6040_7",1207.3676206643
"884","6051_7",1890.76712826655
"885","6052_7",NA
"886","6064_7",338.704148188356
"887","6070_7",957.542897211399
"888","6091_7",1863.72297655347
"889","6092_7",NA
"890","6093_7",NA
"891","6094_7",NA
"892","6100_7",1467.99147946102
"893","6200_7",523.65401145012
"894","6230_7",799.415489592239
"895","6240_7",562.931104640194
"896","6261_7",432.101095975071
"897","6270_7",485.923108996828
"898","6280_7",531.744299452284
"899","6300_7",548.393481648247
"900","6310_7",689.081611035055
"901","6320_7",NA
"902","6330_7",500.326750377048
"903","6340_7",643.875265205037
"904","6360_7",714.884293834624
"905","6372_7",809.862539776556
"906","6392_7",NA
"907","6400_7",828.62125992059
"908","6430_7",347.175953742685
"909","6440_7",1023.24650535161
"910","6470_7",982.484893861817
"911","6500_7",558.492550148548
"912","6510_7",557.686035584283
"913","6520_7",574.341594059377
"914","6534_7",NA
"915","6535_7",NA
"916","6541_7",NA
"917","6560_7",289.261559838151
"918","6580_7",941.757238585704
"919","6600_7",725.830165101609
"920","6621_7",752.580449741643
"921","6622_7",649.244715034324
"922","6623_7",NA
"923","6630_7",511.895357610183
"924","6640_7",1619.62931715871
"925","6650_7",520.173305598377
"926","6660_7",NA
"927","6670_7",597.171293324979
"928","6682_7",NA
"929","6683_7",NA
"930","6690_7",1144.58274784599
"931","6700_7",709.083081382286
"932","6705_7",584.139904964066
"933","6710_7",896.319368704194
"934","6715_7",932.442558552536
"935","6720_7",NA
"936","6731_7",154.149278298667
"937","6740_7",755.408392385016
"938","6752_7",NA
"939","6753_7",NA
"940","6760_7",835.855720632626
"941","6771_7",627.005249845114
"942","6780_7",954.560956171799
"943","6792_7",NA
"944","6800_7",547.455396095687
"945","6818_7",657.204876731754
"946","6823_7",554.860771897308
"947","6830_7",666.899529271732
"948","6840_7",662.552639418182
"949","6851_7",NA
"950","6852_7",NA
"951","6853_7",NA
"952","6854_7",NA
"953","6855_7",660.002929286429
"954","6857_7",399.515331370399
"955","6862_7",1467.00556690605
"956","6870_7",934.886614591768
"957","6880_7",386.609783890682
"958","6893_7",664.680374315355
"959","6900_7",506.392281593176
"960","6920_7",562.803378505445
"961","6933_7",803.613524294217
"962","6940_7",657.764069730608
"963","6950_7",1113.53387404852
"964","6960_7",667.756799184511
"965","6971_7",734.071919728124
"966","6973_7",NA
"967","6980_7",654.387499880614
"968","6990_7",278.801997072167
"969","7000_7",837.980686607381
"970","7007_7",NA
"971","7080_7",1131.20779321421
"972","7100_7",954.325235835028
"973","7120_7",1799.95269283072
"974","7130_7",1103.99947431406
"975","7140_7",887.901439725529
"976","7150_7",296.152550779718
"977","7160_7",750.907783952197
"978","7171_7",1014.26835699434
"979","7173_7",NA
"980","7182_7",1349.21924512978
"981","7183_7",NA
"982","7184_7",NA
"983","7190_7",625.314306683333
"984","7200_7",567.957980714368
"985","7250_7",1126.42110243017
"986","7260_7",799.460026100951
"987","7270_7",NA
"988","7280_7",NA
"989","7300_7",1272.85427288437
"990","7321_7",1294.37849951241
"991","7323_7",458.743917826555
"992","7330_7",1404.58715337588
"993","7361_7",1252.50163007213
"994","7362_7",NA
"995","7400_7",590.517877247668
"996","7430_7",988.091513618913
"997","7441_7",1702.00602231602
"998","7442_7",58.5263473431696
"999","7451_7",1191.61942630307
"1000","7470_7",1049.87358932941
"1001","7480_7",772.065504252808
"1002","7490_7",536.309994978917
"1003","7500_7",621.667010055266
"1004","7540_7",NA
"1005","7550_7",NA
"1006","7560_7",NA
"1007","7570_7",815.105193328123
"1008","7600_7",487.283853181519
"1009","7620_7",730.93770498684
"1010","7650_7",NA
"1011","7660_7",149.199530830362
"1012","7673_7",1183.97592880937
"1013","7680_7",668.751021361036
"1014","7700_7",682.974534141438
"1015","7730_7",433.36804989139
"1016","7741_7",NA
"1017","7742_7",NA
"1018","7752_7",440.392600820158
"1019","7755_7",352.858261035437
"1020","7760_7",680.421088108575
"1021","7770_7",NA
"1022","7790_7",1152.0799451427
"1023","7800_7",247.474674028908
"1024","7830_7",827.698260668878
"1025","7840_7",851.097219000553
"1026","7850_7",784.341113382983
"1027","7860_7",216.286020947131
"1028","7870_7",199.683633709497
"1029","7884_7",NA
"1030","7900_7",561.503959405961
"1031","7950_7",654.188428512764
"1032","7960_7",539.151493861728
"1033","7970_7",NA
"1034","7980_7",NA
"1035","7990_7",NA
"1036","8000_7",1865.33498964551
"1037","8200_7",1541.36104038369
"1038","8210_7",874.010321154127
"1039","8220_7",1038.23267535751
"1040","8230_7",1318.3191877431
"1041","8240_7",1368.18527827775
"1042","8245_7",NA
"1043","8250_7",2540.06065380337
"1044","8260_7",1278.68212892406
"1045","8270_7",789.988755253731
"1046","8300_7",828.183829674072
"1047","8305_7",1962.52535440097
"1048","8310_7",1138.50948142109
"1049","8320_7",950.246845123238
"1050","8330_7",2792.56453222959
"1051","8340_7",NA
"1052","8350_7",NA
"1053","8355_7",1353.46199306322
"1054","8361_7",794.817577902538
"1055","8362_7",1096.21595076622
"1056","8370_7",1692.98791660507
"1057","8380_7",209.303607231218
"1058","8381_7",509.312071047099
"1059","8382_7",952.059187460828
"1060","8400_7",1122.01654399568
"1061","8410_7",1459.30509392068
"1062","8420_7",1245.3831940411
"1063","8444_7",NA
"1064","8450_7",1379.92939777988
"1065","8462_7",899.539280224419
"1066","8464_7",499.190487546731
"1067","8471_7",2336.49499021199
"1068","8472_7",NA
"1069","8500_7",622.433679271216
"1070","8520_7",1536.18930582573
"1071","8530_7",1210.69167558604
"1072","8541_7",739.329896885397
"1073","8543_7",1124.79273487544
"1074","8544_7",1555.25763139102
"1075","8550_7",1172.53754128142
"1076","8560_7",1044.83460755416
"1077","8570_7",1750.38847116861
"1078","8581_7",NA
"1079","8585_7",113.844191771034
"1080","8586_7",1700.26907184324
"1081","8592_7",NA
"1082","8600_7",1504.86265111922
"1083","8620_7",1395.47636515789
"1084","8632_7",NA
"1085","8641_7",NA
"1086","8643_7",916.562236475698
"1087","8653_7",1257.05028169691
"1088","8654_7",2496.74361252145
"1089","8660_7",1599.33336389712
"1090","8670_7",NA
"1091","8680_7",1251.29769782072
"1092","8700_7",679.099688849353
"1093","8721_7",NA
"1094","8722_7",1056.51947957162
"1095","8723_7",1345.83802888758
"1096","8732_7",1439.6734748844
"1097","8740_7",994.124884365282
"1098","8751_7",799.737769521985
"1099","8752_7",2019.38154134473
"1100","8762_7",1366.13030125241
"1101","8763_7",75.6604255869606
"1102","8765_7",NA
"1103","8766_7",636.334555612586
"1104","8781_7",NA
"1105","8783_7",1989.10640741012
"1106","8800_7",1288.40084910036
"1107","8830_7",901.056324543588
"1108","8831_7",1567.28831638173
"1109","8832_7",773.46597795095
"1110","8840_7",1123.82586136228
"1111","8850_7",518.285911167076
"1112","8860_7",901.059336876006
"1113","8870_7",1116.58873839668
"1114","8881_7",955.49133957352
"1115","8882_7",NA
"1116","8883_7",NA
"1117","8900_7",1123.04570305677
"1118","8920_7",799.360771575993
"1119","8930_7",860.019079835782
"1120","8940_7",776.354366964434
"1121","8950_7",967.867575062386
"1122","8960_7",945.255527594849
"1123","8961_7",941.975035054893
"1124","8963_7",1101.7653366951
"1125","8970_7",310.616437795187
"1126","8981_7",725.690496305809
"1127","8983_7",1120.87292990776
"1128","8990_7",467.856103234032
"1129","9000_7",923.378940280291
"1130","9200_7",1325.57843549434
"1131","9210_7",677.60975985635
"1132","9220_7",990.170611200774
"1133","9230_7",614.785778602131
"1134","9240_7",1258.80339296606
"1135","9260_7",1593.81186714654
"1136","9270_7",941.818117614365
"1137","9280_7",1000.21539644504
"1138","9293_7",861.526358660411
"1139","9300_7",825.762115520306
"1140","9310_7",1162.47678932282
"1141","9320_7",575.500263745751
"1142","9330_7",655.471912877607
"1143","9340_7",1189.57737593371
"1144","9352_7",NA
"1145","9362_7",586.68108883788
"1146","9370_7",891.387521948627
"1147","9380_7",986.114259775881
"1148","9381_7",359.210244842766
"1149","9382_7",1039.17770376389
"1150","9400_7",693.535865975221
"1151","9430_7",1128.56240412305
"1152","9440_7",736.746794554082
"1153","9460_7",534.03516136246
"1154","9480_7",2035.2307652591
"1155","9490_7",504.189005801821
"1156","9492_7",4091.34151724276
"1157","9493_7",603.493441002745
"1158","9500_7",438.112000520415
"1159","9510_7",689.107079245792
"1160","9520_7",1304.09031649324
"1161","9530_7",1078.97130241196
"1162","9541_7",1276.01547796255
"1163","9550_7",689.869747022685
"1164","9560_7",691.785668190868
"1165","9574_7",NA
"1166","9575_7",NA
"1167","9600_7",625.595716097865
"1168","9610_7",650.68929111476
"1169","9620_7",378.857097069594
"1170","9631_7",NA
"1171","9632_7",443.355951803965
"1172","9640_7",545.445296458381
"1173","9670_7",449.210100382565
"1174","9681_7",146.371103705615
"1175","9690_7",702.854740123651
"1176","9700_7",547.727513067792
"1177","9740_7",800.512291330638
"1178","9750_7",378.302127934803
"1179","9760_7",475.461880701282
"1180","9800_7",700.472401650369
"1181","9830_7",724.869200023602
"1182","9850_7",509.552587360436
"1183","9870_7",343.766090532501
"1184","9881_7",969.441076084565
"1185","9900_7",418.735805898912
"1186","9940_7",NA
"1187","9970_7",776.382208279745
"1188","9981_7",NA
"1189","9982_7",651.24534547281
"1190","9990_7",3796.64027934097
"1191","1000_11",1436.01198139649
"1192","1500_11",977.764907473015
"1193","1800_11",1318.88751144938
"1194","2000_11",3345.29379132816
"1195","2100_11",2749.10297592733
"1196","2200_11",916.34549784924
"1197","2300_11",964.713886110282
"1198","2400_11",1229.31101736362
"1199","2450_11",1327.13394199681
"1200","2500_11",1164.91163563331
"1201","2600_11",672.545808435609
"1202","2605_11",772.622944446846
"1203","2610_11",1103.1464270538
"1204","2620_11",559.531659361531
"1205","2625_11",1177.66305361811
"1206","2630_11",646.135637688663
"1207","2633_11",NA
"1208","2635_11",922.08405147307
"1209","2640_11",585.125163086652
"1210","2650_11",1071.30196425039
"1211","2660_11",1536.20087972151
"1212","2665_11",713.526963065913
"1213","2670_11",759.007707501346
"1214","2680_11",1005.96771411827
"1215","2690_11",890.839160968065
"1216","2700_11",760.73896153444
"1217","2720_11",1123.21079756201
"1218","2730_11",1118.22570226514
"1219","2740_11",810.903860780408
"1220","2750_11",1359.82557588712
"1221","2760_11",2301.96495774081
"1222","2765_11",651.90689700351
"1223","2770_11",688.783640580001
"1224","2791_11",999.028850922941
"1225","2800_11",1177.40124923857
"1226","2820_11",1351.6418878059
"1227","2830_11",856.504414548832
"1228","2840_11",1186.13893979176
"1229","2850_11",1063.10724392984
"1230","2860_11",1265.12783791738
"1231","2870_11",1415.15777141467
"1232","2880_11",1358.77532007929
"1233","2900_11",2399.97367801741
"1234","2920_11",1265.89532441504
"1235","2930_11",2160.17865911265
"1236","2942_11",2473.45952059054
"1237","2950_11",3937.34330073682
"1238","2960_11",4755.47247915494
"1239","2970_11",1253.16076048475
"1240","2980_11",1057.543380612
"1241","2990_11",1300.37680665479
"1242","3000_11",1211.55224633344
"1243","3050_11",3359.57222776523
"1244","3060_11",1783.07754277805
"1245","3070_11",2979.4971451732
"1246","3080_11",NA
"1247","3100_11",2969.82208221301
"1248","3120_11",NA
"1249","3140_11",1660.6566203506
"1250","3150_11",NA
"1251","3200_11",979.653792710174
"1252","3210_11",NA
"1253","3220_11",NA
"1254","3230_11",1078.77321196679
"1255","3250_11",2034.76988870978
"1256","3300_11",711.599355576678
"1257","3310_11",NA
"1258","3320_11",1406.52946112053
"1259","3330_11",NA
"1260","3360_11",NA
"1261","3370_11",NA
"1262","3390_11",1363.75824601409
"1263","3400_11",771.774341531502
"1264","3450_11",1379.63178593535
"1265","3460_11",1271.15527369227
"1266","3480_11",744.671691802118
"1267","3490_11",NA
"1268","3500_11",954.523445143081
"1269","3520_11",830.393404964933
"1270","3540_11",1089.6671051289
"1271","3550_11",1093.30099763449
"1272","3600_11",579.987931230516
"1273","3630_11",771.951099487526
"1274","3650_11",614.590441443963
"1275","3660_11",1203.67909225958
"1276","3670_11",NA
"1277","3700_11",439.881782008368
"1278","3720_11",818.310269047488
"1279","3730_11",818.694753861291
"1280","3740_11",1042.94407008877
"1281","3751_11",NA
"1282","3760_11",NA
"1283","3770_11",1376.70569355497
"1284","3782_11",NA
"1285","3790_11",NA
"1286","4000_11",490.556213430552
"1287","4030_11",949.437267543254
"1288","4040_11",1112.01782488283
"1289","4050_11",1203.60506099681
"1290","4060_11",428.347600281205
"1291","4070_11",1906.08709139955
"1292","4100_11",1026.22408509583
"1293","4105_11",NA
"1294","4130_11",1036.2865916338
"1295","4140_11",1426.06601730575
"1296","4160_11",1821.81512051397
"1297","4171_11",987.12106653642
"1298","4173_11",NA
"1299","4174_11",NA
"1300","4180_11",788.52075568298
"1301","4190_11",NA
"1302","4200_11",613.985501369711
"1303","4220_11",1009.33905154631
"1304","4230_11",803.080986842903
"1305","4241_11",772.16060505571
"1306","4242_11",NA
"1307","4243_11",NA
"1308","4250_11",1405.0294184346
"1309","4261_11",NA
"1310","4262_11",NA
"1311","4270_11",1202.68256707365
"1312","4281_11",898.656219029279
"1313","4291_11",NA
"1314","4293_11",669.747926995139
"1315","4295_11",1444.45777023768
"1316","4296_11",NA
"1317","4300_11",1602.78637472794
"1318","4320_11",1684.15942895643
"1319","4330_11",1659.17700482297
"1320","4340_11",1720.19329790081
"1321","4350_11",NA
"1322","4360_11",NA
"1323","4370_11",NA
"1324","4390_11",1214.80945007849
"1325","4400_11",843.631605450084
"1326","4420_11",242.537625946986
"1327","4440_11",364.867099092259
"1328","4450_11",1026.5231105185
"1329","4460_11",NA
"1330","4470_11",974.041939548806
"1331","4480_11",NA
"1332","4490_11",NA
"1333","4500_11",1483.38877839127
"1334","4520_11",735.342267247028
"1335","4532_11",205.768073325285
"1336","4534_11",NA
"1337","4540_11",154.856385079854
"1338","4550_11",496.388960392956
"1339","4560_11",NA
"1340","4571_11",NA
"1341","4572_11",NA
"1342","4573_11",NA
"1343","4581_11",NA
"1344","4583_11",NA
"1345","4591_11",NA
"1346","4592_11",NA
"1347","4593_11",NA
"1348","4600_11",1037.48765812873
"1349","4621_11",1362.92381787587
"1350","4622_11",909.315038523896
"1351","4623_11",1010.02022610582
"1352","4632_11",1580.03417684555
"1353","4640_11",471.19242353841
"1354","4652_11",1014.12911735472
"1355","4653_11",1000.55609537896
"1356","4654_11",1437.03514222861
"1357","4660_11",766.969546797189
"1358","4671_11",NA
"1359","4672_11",NA
"1360","4673_11",226.981276760882
"1361","4681_11",1687.74534019008
"1362","4682_11",NA
"1363","4683_11",766.151877893672
"1364","4684_11",565.456689638687
"1365","4690_11",940.732152178747
"1366","4700_11",652.879098284671
"1367","4720_11",721.881269092547
"1368","4733_11",NA
"1369","4735_11",NA
"1370","4736_11",NA
"1371","4750_11",958.580339182203
"1372","4760_11",772.500288950478
"1373","4771_11",NA
"1374","4772_11",NA
"1375","4773_11",1171.33442420742
"1376","4780_11",745.746881129439
"1377","4791_11",NA
"1378","4792_11",1233.90133317053
"1379","4793_11",NA
"1380","4800_11",396.205952904117
"1381","4840_11",1299.28639067759
"1382","4850_11",1611.94128304973
"1383","4862_11",NA
"1384","4863_11",NA
"1385","4871_11",NA
"1386","4872_11",NA
"1387","4873_11",NA
"1388","4874_11",NA
"1389","4880_11",NA
"1390","4891_11",NA
"1391","4892_11",NA
"1392","4894_11",NA
"1393","4895_11",NA
"1394","4900_11",736.529118811431
"1395","4912_11",NA
"1396","4913_11",NA
"1397","4920_11",NA
"1398","4930_11",916.588511819781
"1399","4941_11",NA
"1400","4943_11",NA
"1401","4944_11",NA
"1402","4951_11",NA
"1403","4952_11",NA
"1404","4953_11",NA
"1405","4960_11",NA
"1406","4970_11",755.240623907374
"1407","4983_11",NA
"1408","4990_11",685.156447202285
"1409","5000_11",762.291975959686
"1410","5200_11",791.291349630463
"1411","5210_11",597.294480493978
"1412","5220_11",689.325019234655
"1413","5230_11",855.83035840657
"1414","5240_11",792.536930189556
"1415","5250_11",559.749594823852
"1416","5260_11",689.025554160159
"1417","5270_11",437.575932186142
"1418","5290_11",NA
"1419","5300_11",1324.05719916727
"1420","5320_11",222.031529292576
"1421","5330_11",1221.54479919018
"1422","5350_11",NA
"1423","5370_11",NA
"1424","5380_11",NA
"1425","5390_11",NA
"1426","5400_11",1467.35154842548
"1427","5450_11",991.579547994007
"1428","5462_11",NA
"1429","5463_11",NA
"1430","5464_11",NA
"1431","5466_11",NA
"1432","5471_11",822.667785752114
"1433","5474_11",NA
"1434","5485_11",NA
"1435","5491_11",NA
"1436","5492_11",1358.72805541485
"1437","5500_11",506.492261258043
"1438","5540_11",684.805081756846
"1439","5550_11",1070.81607508791
"1440","5560_11",1107.44635471495
"1441","5580_11",NA
"1442","5591_11",NA
"1443","5592_11",444.770165366338
"1444","5600_11",1459.01980370094
"1445","5610_11",821.660502971183
"1446","5620_11",932.445747177052
"1447","5631_11",NA
"1448","5642_11",NA
"1449","5672_11",616.79261101281
"1450","5683_11",1043.69788150458
"1451","5690_11",686.413192930156
"1452","5700_11",639.349761029447
"1453","5750_11",440.449770121407
"1454","5762_11",575.489154256331
"1455","5771_11",1260.29533575799
"1456","5772_11",NA
"1457","5792_11",918.296715197684
"1458","5800_11",765.415281772861
"1459","5853_11",1401.33270751198
"1460","5854_11",348.603643124968
"1461","5856_11",NA
"1462","5863_11",NA
"1463","5871_11",NA
"1464","5874_11",NA
"1465","5881_11",NA
"1466","5882_11",NA
"1467","5883_11",NA
"1468","5884_11",NA
"1469","5892_11",NA
"1470","5900_11",442.642309642576
"1471","5932_11",NA
"1472","5935_11",NA
"1473","5953_11",2605.39523553209
"1474","5960_11",1387.06432027193
"1475","5970_11",NA
"1476","5985_11",NA
"1477","6000_11",989.395670368537
"1478","6040_11",731.809194003855
"1479","6051_11",NA
"1480","6052_11",NA
"1481","6064_11",NA
"1482","6070_11",861.477261121019
"1483","6091_11",103.237590053236
"1484","6092_11",NA
"1485","6093_11",NA
"1486","6094_11",NA
"1487","6100_11",1189.67937230555
"1488","6200_11",591.725986295298
"1489","6230_11",503.89367855304
"1490","6240_11",608.893126324903
"1491","6261_11",403.073566486318
"1492","6270_11",472.496938765594
"1493","6280_11",NA
"1494","6300_11",862.733653651495
"1495","6310_11",619.194853553118
"1496","6320_11",NA
"1497","6330_11",938.164773830878
"1498","6340_11",2517.05092651433
"1499","6360_11",446.91637920309
"1500","6372_11",NA
"1501","6392_11",NA
"1502","6400_11",722.240214508127
"1503","6430_11",726.921640500936
"1504","6440_11",873.55202641694
"1505","6470_11",875.230245217141
"1506","6500_11",522.947125844068
"1507","6510_11",1164.57202439351
"1508","6520_11",479.137071549816
"1509","6534_11",NA
"1510","6535_11",NA
"1511","6541_11",NA
"1512","6560_11",307.591449816148
"1513","6580_11",960.214410580113
"1514","6600_11",202.317289706752
"1515","6621_11",NA
"1516","6622_11",NA
"1517","6623_11",NA
"1518","6630_11",595.092894909214
"1519","6640_11",283.63456535949
"1520","6650_11",602.928315450045
"1521","6660_11",NA
"1522","6670_11",1124.3669329894
"1523","6682_11",NA
"1524","6683_11",NA
"1525","6690_11",NA
"1526","6700_11",702.209151772771
"1527","6705_11",683.657965861376
"1528","6710_11",451.616145478816
"1529","6715_11",678.051080566312
"1530","6720_11",1229.65901777688
"1531","6731_11",1087.46647457903
"1532","6740_11",372.467040727863
"1533","6752_11",NA
"1534","6753_11",NA
"1535","6760_11",942.737351697552
"1536","6771_11",NA
"1537","6780_11",1046.81491519116
"1538","6792_11",NA
"1539","6800_11",706.753493093596
"1540","6818_11",1629.73903841484
"1541","6823_11",1381.68665043851
"1542","6830_11",1113.1470403021
"1543","6840_11",501.324578824272
"1544","6851_11",NA
"1545","6852_11",NA
"1546","6853_11",NA
"1547","6854_11",NA
"1548","6855_11",NA
"1549","6857_11",NA
"1550","6862_11",NA
"1551","6870_11",737.326928845
"1552","6880_11",378.192104435223
"1553","6893_11",NA
"1554","6900_11",669.544501348278
"1555","6920_11",405.910176552118
"1556","6933_11",562.733477471055
"1557","6940_11",NA
"1558","6950_11",600.251242040721
"1559","6960_11",740.03594507294
"1560","6971_11",NA
"1561","6973_11",NA
"1562","6980_11",NA
"1563","6990_11",1018.08509853408
"1564","7000_11",582.560606941319
"1565","7007_11",NA
"1566","7080_11",1295.41294436507
"1567","7100_11",879.694451820782
"1568","7120_11",1271.23656756494
"1569","7130_11",1371.91573564643
"1570","7140_11",NA
"1571","7150_11",1397.24299962462
"1572","7160_11",585.800048163681
"1573","7171_11",NA
"1574","7173_11",NA
"1575","7182_11",NA
"1576","7183_11",NA
"1577","7184_11",NA
"1578","7190_11",531.809847864548
"1579","7200_11",527.440162482911
"1580","7250_11",NA
"1581","7260_11",NA
"1582","7270_11",NA
"1583","7280_11",NA
"1584","7300_11",1318.61863326741
"1585","7321_11",NA
"1586","7323_11",610.445022094537
"1587","7330_11",696.911541322549
"1588","7361_11",2074.06436737147
"1589","7362_11",NA
"1590","7400_11",634.136760832887
"1591","7430_11",643.126525515217
"1592","7441_11",1160.09355944539
"1593","7442_11",1275.3366222296
"1594","7451_11",1141.61310267116
"1595","7470_11",704.901601542473
"1596","7480_11",845.792443299689
"1597","7490_11",720.488078616552
"1598","7500_11",373.12940593235
"1599","7540_11",NA
"1600","7550_11",NA
"1601","7560_11",NA
"1602","7570_11",716.428875278861
"1603","7600_11",480.339593412827
"1604","7620_11",418.655820965828
"1605","7650_11",NA
"1606","7660_11",NA
"1607","7673_11",NA
"1608","7680_11",2114.24927574778
"1609","7700_11",385.455852576808
"1610","7730_11",NA
"1611","7741_11",NA
"1612","7742_11",NA
"1613","7752_11",1046.35485194578
"1614","7755_11",NA
"1615","7760_11",972.346058326385
"1616","7770_11",NA
"1617","7790_11",128.693434175952
"1618","7800_11",552.229232293981
"1619","7830_11",1032.35651891333
"1620","7840_11",1048.40539233002
"1621","7850_11",369.816846560564
"1622","7860_11",367.560620202722
"1623","7870_11",656.757280127141
"1624","7884_11",NA
"1625","7900_11",653.502964798171
"1626","7950_11",164.048773235279
"1627","7960_11",NA
"1628","7970_11",NA
"1629","7980_11",NA
"1630","7990_11",NA
"1631","8000_11",2427.96838186
"1632","8200_11",973.468643846615
"1633","8210_11",754.938198899168
"1634","8220_11",1105.63698085029
"1635","8230_11",1353.86167769202
"1636","8240_11",1220.64059691342
"1637","8245_11",NA
"1638","8250_11",1359.45450536132
"1639","8260_11",1526.22891361464
"1640","8270_11",1298.93303554312
"1641","8300_11",811.31605672452
"1642","8305_11",860.494002635363
"1643","8310_11",466.933900950812
"1644","8320_11",576.686099314746
"1645","8330_11",2465.05016176142
"1646","8340_11",1544.93655286583
"1647","8350_11",NA
"1648","8355_11",1459.89224488202
"1649","8361_11",604.446086453185
"1650","8362_11",1053.59160392305
"1651","8370_11",1001.89776175017
"1652","8380_11",1925.45176517097
"1653","8381_11",433.742661527053
"1654","8382_11",576.839402631765
"1655","8400_11",540.179864225135
"1656","8410_11",1204.21201265748
"1657","8420_11",NA
"1658","8444_11",NA
"1659","8450_11",686.679471390089
"1660","8462_11",1496.94964447547
"1661","8464_11",481.145285453662
"1662","8471_11",961.274590991416
"1663","8472_11",NA
"1664","8500_11",524.808808723983
"1665","8520_11",1073.97557336173
"1666","8530_11",1788.4277079789
"1667","8541_11",744.614845310744
"1668","8543_11",1049.84943648397
"1669","8544_11",605.60405106527
"1670","8550_11",1663.92127217606
"1671","8560_11",299.10616844191
"1672","8570_11",NA
"1673","8581_11",NA
"1674","8585_11",774.414617630633
"1675","8586_11",NA
"1676","8592_11",NA
"1677","8600_11",834.021297446399
"1678","8620_11",882.846198787923
"1679","8632_11",NA
"1680","8641_11",NA
"1681","8643_11",NA
"1682","8653_11",1086.11601590254
"1683","8654_11",NA
"1684","8660_11",1069.05825480501
"1685","8670_11",NA
"1686","8680_11",1044.74076586354
"1687","8700_11",662.948376050194
"1688","8721_11",NA
"1689","8722_11",747.274464303445
"1690","8723_11",706.462907225648
"1691","8732_11",748.716368192923
"1692","8740_11",915.438604869663
"1693","8751_11",NA
"1694","8752_11",NA
"1695","8762_11",NA
"1696","8763_11",NA
"1697","8765_11",NA
"1698","8766_11",NA
"1699","8781_11",NA
"1700","8783_11",1203.5557042918
"1701","8800_11",864.075675251325
"1702","8830_11",568.264384520344
"1703","8831_11",NA
"1704","8832_11",197.989898732233
"1705","8840_11",NA
"1706","8850_11",926.78043901609
"1707","8860_11",874.681656375621
"1708","8870_11",930.143911676345
"1709","8881_11",928.431203697937
"1710","8882_11",NA
"1711","8883_11",NA
"1712","8900_11",424.604669074658
"1713","8920_11",547.623986300067
"1714","8930_11",887.532807970178
"1715","8940_11",828.731517785723
"1716","8950_11",369.109739779378
"1717","8960_11",668.346705782121
"1718","8961_11",627.655717730668
"1719","8963_11",470.947413908036
"1720","8970_11",NA
"1721","8981_11",816.258701550644
"1722","8983_11",982.51100078659
"1723","8990_11",359.210244842766
"1724","9000_11",558.603104217942
"1725","9200_11",646.431302283103
"1726","9210_11",608.340928190808
"1727","9220_11",656.034624521777
"1728","9230_11",818.402101659081
"1729","9240_11",478.955709255638
"1730","9260_11",1596.86822405607
"1731","9270_11",977.586815655191
"1732","9280_11",699.502220970639
"1733","9293_11",NA
"1734","9300_11",787.587772886299
"1735","9310_11",590.637609464793
"1736","9320_11",761.440258889128
"1737","9330_11",1242.05267170346
"1738","9340_11",NA
"1739","9352_11",NA
"1740","9362_11",2255.67063198509
"1741","9370_11",642.096218312667
"1742","9380_11",1961.13801996018
"1743","9381_11",NA
"1744","9382_11",NA
"1745","9400_11",1125.79684041898
"1746","9430_11",1008.21043721749
"1747","9440_11",509.87867954754
"1748","9460_11",432.934505109359
"1749","9480_11",3021.19442715405
"1750","9490_11",526.448325370795
"1751","9492_11",NA
"1752","9493_11",NA
"1753","9500_11",712.877957397237
"1754","9510_11",808.059506884652
"1755","9520_11",1355.00146942461
"1756","9530_11",852.738938027678
"1757","9541_11",722.08655990816
"1758","9550_11",797.842029954492
"1759","9560_11",579.684011830091
"1760","9574_11",NA
"1761","9575_11",1110.16410198373
"1762","9600_11",892.990481472227
"1763","9610_11",811.769055828072
"1764","9620_11",275.166858469548
"1765","9631_11",NA
"1766","9632_11",540.936687607709
"1767","9640_11",745.919135793457
"1768","9670_11",530.642467742103
"1769","9681_11",NA
"1770","9690_11",562.135469183617
"1771","9700_11",762.573462503309
"1772","9740_11",NA
"1773","9750_11",NA
"1774","9760_11",665.355852694095
"1775","9800_11",399.971226643689
"1776","9830_11",NA
"1777","9850_11",1069.94509204912
"1778","9870_11",705.988959343052
"1779","9881_11",1525.93643380057
"1780","9900_11",388.221236673769
"1781","9940_11",NA
"1782","9970_11",NA
"1783","9981_11",NA
"1784","9982_11",NA
"1785","9990_11",3685.57906867138
"1786","1000_15",2835.97803424397
"1787","1500_15",2165.22914904108
"1788","1800_15",2773.22627676554
"1789","2000_15",2745.81735620481
"1790","2100_15",3358.60097093684
"1791","2200_15",2761.23517909752
"1792","2300_15",1881.63770851132
"1793","2400_15",3171.55851678316
"1794","2450_15",2061.09058770212
"1795","2500_15",1946.24092384005
"1796","2600_15",839.364273752103
"1797","2605_15",732.172647477551
"1798","2610_15",1249.18951957537
"1799","2620_15",898.359433954341
"1800","2625_15",1145.96210358683
"1801","2630_15",831.164527252216
"1802","2633_15",NA
"1803","2635_15",1136.56777800298
"1804","2640_15",651.033181689624
"1805","2650_15",1425.75354009418
"1806","2660_15",1020.50740180699
"1807","2665_15",1027.46586328331
"1808","2670_15",958.461773745966
"1809","2680_15",825.875373417373
"1810","2690_15",1106.66861732473
"1811","2700_15",1863.74292734406
"1812","2720_15",1731.37006127692
"1813","2730_15",1631.67639747029
"1814","2740_15",1094.46457065936
"1815","2750_15",1257.97871041623
"1816","2760_15",1819.8924195426
"1817","2765_15",862.991298576864
"1818","2770_15",1265.27472824104
"1819","2791_15",576.086605434177
"1820","2800_15",1962.51129578599
"1821","2820_15",1738.75554096162
"1822","2830_15",1858.75390331868
"1823","2840_15",1254.36037435507
"1824","2850_15",1505.37516825508
"1825","2860_15",1230.95440952298
"1826","2870_15",2794.68812360719
"1827","2880_15",1308.76912698483
"1828","2900_15",1882.1596045608
"1829","2920_15",1818.18496845287
"1830","2930_15",2882.98715853897
"1831","2942_15",4283.230361927
"1832","2950_15",2049.49515996362
"1833","2960_15",1575.53709988722
"1834","2970_15",957.831454007001
"1835","2980_15",766.587796852369
"1836","2990_15",1020.87847324883
"1837","3000_15",1206.2699764352
"1838","3050_15",3797.36361284626
"1839","3060_15",2195.71116490911
"1840","3070_15",1888.91117067857
"1841","3080_15",NA
"1842","3100_15",2669.36600284466
"1843","3120_15",NA
"1844","3140_15",1573.74407408393
"1845","3150_15",NA
"1846","3200_15",770.59234391765
"1847","3210_15",2480.68747191849
"1848","3220_15",NA
"1849","3230_15",1160.20330730683
"1850","3250_15",1760.89449164744
"1851","3300_15",907.604923096262
"1852","3310_15",NA
"1853","3320_15",2142.65526191886
"1854","3330_15",NA
"1855","3360_15",NA
"1856","3370_15",NA
"1857","3390_15",709.122886287802
"1858","3400_15",697.325118519898
"1859","3450_15",631.951491116258
"1860","3460_15",1507.79817010599
"1861","3480_15",852.752302012155
"1862","3490_15",NA
"1863","3500_15",1871.30485817529
"1864","3520_15",1324.28996456254
"1865","3540_15",923.713622906395
"1866","3550_15",552.249409881338
"1867","3600_15",1013.43668638329
"1868","3630_15",850.343365521078
"1869","3650_15",929.899370515818
"1870","3660_15",1108.2178018912
"1871","3670_15",2323.2713573752
"1872","3700_15",509.373266868217
"1873","3720_15",517.614077603511
"1874","3730_15",854.270239945852
"1875","3740_15",727.48862534063
"1876","3751_15",NA
"1877","3760_15",1293.30957881965
"1878","3770_15",1675.5609684037
"1879","3782_15",NA
"1880","3790_15",1659.62501788808
"1881","4000_15",1008.52839811374
"1882","4030_15",749.332798466171
"1883","4040_15",1038.91052137736
"1884","4050_15",925.803859202523
"1885","4060_15",1312.56501426279
"1886","4070_15",1159.50740002567
"1887","4100_15",1180.08034814622
"1888","4105_15",NA
"1889","4130_15",952.189556958567
"1890","4140_15",1548.76356214516
"1891","4160_15",1128.47843724784
"1892","4171_15",NA
"1893","4173_15",NA
"1894","4174_15",NA
"1895","4180_15",1482.48237161285
"1896","4190_15",NA
"1897","4200_15",809.033897417134
"1898","4220_15",763.516382445084
"1899","4230_15",636.726842082672
"1900","4241_15",855.798401939326
"1901","4242_15",NA
"1902","4243_15",NA
"1903","4250_15",210.717820793591
"1904","4261_15",NA
"1905","4262_15",NA
"1906","4270_15",738.165002847312
"1907","4281_15",707.637312941217
"1908","4291_15",NA
"1909","4293_15",1726.45221997516
"1910","4295_15",906.459780317546
"1911","4296_15",NA
"1912","4300_15",1152.08956129369
"1913","4320_15",1685.15072979922
"1914","4330_15",1221.91872342913
"1915","4340_15",827.507185985199
"1916","4350_15",NA
"1917","4360_15",NA
"1918","4370_15",NA
"1919","4390_15",1257.6264681269
"1920","4400_15",560.049423839412
"1921","4420_15",1089.1089630213
"1922","4440_15",269.299709122259
"1923","4450_15",1453.32972367398
"1924","4460_15",NA
"1925","4470_15",1797.60572243563
"1926","4480_15",NA
"1927","4490_15",575.58491988585
"1928","4500_15",932.33818971444
"1929","4520_15",907.443478496962
"1930","4532_15",NA
"1931","4534_15",NA
"1932","4540_15",1969.97553284298
"1933","4550_15",937.699027762462
"1934","4560_15",724.077343935025
"1935","4571_15",NA
"1936","4572_15",NA
"1937","4573_15",379.716341497176
"1938","4581_15",1459.46839636903
"1939","4583_15",NA
"1940","4591_15",NA
"1941","4592_15",NA
"1942","4593_15",NA
"1943","4600_15",1166.92826173924
"1944","4621_15",1325.57144909909
"1945","4622_15",1550.86547265896
"1946","4623_15",301.854821616838
"1947","4632_15",1134.04665226957
"1948","4640_15",972.811307132948
"1949","4652_15",852.929070908009
"1950","4653_15",344.309937895108
"1951","4654_15",1521.48475729028
"1952","4660_15",957.366477075823
"1953","4671_15",NA
"1954","4672_15",NA
"1955","4673_15",923.063558663938
"1956","4681_15",1615.8096009947
"1957","4682_15",NA
"1958","4683_15",727.720825591792
"1959","4684_15",768.972029493178
"1960","4690_15",785.329412230489
"1961","4700_15",434.195130684954
"1962","4720_15",1259.29440986383
"1963","4733_15",930.568950389261
"1964","4735_15",777.110352524016
"1965","4736_15",NA
"1966","4750_15",137.885822331377
"1967","4760_15",1110.93341645373
"1968","4771_15",598.919443665006
"1969","4772_15",NA
"1970","4773_15",326.683332908185
"1971","4780_15",969.680065058279
"1972","4791_15",179.605122421383
"1973","4792_15",NA
"1974","4793_15",NA
"1975","4800_15",1299.2730939088
"1976","4840_15",562.919034396346
"1977","4850_15",960.739199535342
"1978","4862_15",NA
"1979","4863_15",142.835569799683
"1980","4871_15",NA
"1981","4872_15",NA
"1982","4873_15",600.333657227379
"1983","4874_15",1042.98250225016
"1984","4880_15",581.815090900881
"1985","4891_15",NA
"1986","4892_15",NA
"1987","4894_15",NA
"1988","4895_15",NA
"1989","4900_15",567.495862162385
"1990","4912_15",NA
"1991","4913_15",NA
"1992","4920_15",98.2878425849301
"1993","4930_15",756.572711546711
"1994","4941_15",NA
"1995","4943_15",NA
"1996","4944_15",NA
"1997","4951_15",NA
"1998","4952_15",NA
"1999","4953_15",NA
"2000","4960_15",NA
"2001","4970_15",554.455186260737
"2002","4983_15",NA
"2003","4990_15",723.035058920777
"2004","5000_15",805.008434898322
"2005","5200_15",993.7063617253
"2006","5210_15",466.976827201155
"2007","5220_15",868.091996441457
"2008","5230_15",595.693866835199
"2009","5240_15",928.261200925072
"2010","5250_15",789.123230889194
"2011","5260_15",832.501469325173
"2012","5270_15",578.76764089128
"2013","5290_15",NA
"2014","5300_15",2632.40073751265
"2015","5320_15",717.18182259917
"2016","5330_15",1882.98007222088
"2017","5350_15",NA
"2018","5370_15",NA
"2019","5380_15",NA
"2020","5390_15",NA
"2021","5400_15",1117.31856948423
"2022","5450_15",842.970894261142
"2023","5462_15",NA
"2024","5463_15",NA
"2025","5464_15",NA
"2026","5466_15",NA
"2027","5471_15",865.129542322998
"2028","5474_15",NA
"2029","5485_15",NA
"2030","5491_15",NA
"2031","5492_15",817.611562214397
"2032","5500_15",556.083177231608
"2033","5540_15",376.368657922876
"2034","5550_15",597.640360082885
"2035","5560_15",1421.98391341112
"2036","5580_15",1196.07873207968
"2037","5591_15",1595.23289835685
"2038","5592_15",506.995562110755
"2039","5600_15",810.030676226877
"2040","5610_15",959.52934891465
"2041","5620_15",286.828055345591
"2042","5631_15",132.228968081884
"2043","5642_15",NA
"2044","5672_15",845.267694988088
"2045","5683_15",1036.54566549992
"2046","5690_15",533.784333121266
"2047","5700_15",879.615298723244
"2048","5750_15",835.565676652649
"2049","5762_15",1199.10617505191
"2050","5771_15",975.872276478843
"2051","5772_15",NA
"2052","5792_15",1134.62944706316
"2053","5800_15",590.295809621873
"2054","5853_15",414.753742197303
"2055","5854_15",NA
"2056","5856_15",1274.91352647935
"2057","5863_15",NA
"2058","5871_15",NA
"2059","5874_15",NA
"2060","5881_15",NA
"2061","5882_15",NA
"2062","5883_15",NA
"2063","5884_15",NA
"2064","5892_15",NA
"2065","5900_15",1405.81394191611
"2066","5932_15",123.743686707646
"2067","5935_15",NA
"2068","5953_15",871.325809709931
"2069","5960_15",997.74238492041
"2070","5970_15",2580.83016359724
"2071","5985_15",NA
"2072","6000_15",875.818414265461
"2073","6040_15",649.86432649988
"2074","6051_15",NA
"2075","6052_15",NA
"2076","6064_15",NA
"2077","6070_15",336.075317522158
"2078","6091_15",1645.91929733305
"2079","6092_15",NA
"2080","6093_15",NA
"2081","6094_15",NA
"2082","6100_15",641.898811364609
"2083","6200_15",400.044975150116
"2084","6230_15",808.743900396517
"2085","6240_15",885.141419962558
"2086","6261_15",1416.60768504669
"2087","6270_15",647.85817451485
"2088","6280_15",NA
"2089","6300_15",1603.52522364232
"2090","6310_15",551.844815142808
"2091","6320_15",NA
"2092","6330_15",771.210088108292
"2093","6340_15",1294.97464582645
"2094","6360_15",NA
"2095","6372_15",NA
"2096","6392_15",NA
"2097","6400_15",1632.57366492676
"2098","6430_15",863.724648170436
"2099","6440_15",825.613527280514
"2100","6470_15",1778.52735530591
"2101","6500_15",675.59624459753
"2102","6510_15",1410.09062947505
"2103","6520_15",1692.10652737941
"2104","6534_15",NA
"2105","6535_15",NA
"2106","6541_15",NA
"2107","6560_15",NA
"2108","6580_15",1021.65565907222
"2109","6600_15",756.771290228617
"2110","6621_15",NA
"2111","6622_15",NA
"2112","6623_15",NA
"2113","6630_15",759.848481136677
"2114","6640_15",1357.96277738453
"2115","6650_15",549.096254247442
"2116","6660_15",NA
"2117","6670_15",865.296654333068
"2118","6682_15",NA
"2119","6683_15",NA
"2120","6690_15",NA
"2121","6700_15",532.052358138311
"2122","6705_15",563.721673345987
"2123","6710_15",385.46815228832
"2124","6715_15",1051.32039427977
"2125","6720_15",NA
"2126","6731_15",306.177236253775
"2127","6740_15",399.643568874637
"2128","6752_15",NA
"2129","6753_15",NA
"2130","6760_15",690.476026272558
"2131","6771_15",510.531096016687
"2132","6780_15",1174.47663116082
"2133","6792_15",1403.74392251578
"2134","6800_15",418.028621713189
"2135","6818_15",1295.43387197752
"2136","6823_15",NA
"2137","6830_15",779.533407451748
"2138","6840_15",705.334908630881
"2139","6851_15",NA
"2140","6852_15",NA
"2141","6853_15",NA
"2142","6854_15",NA
"2143","6855_15",NA
"2144","6857_15",442.648845022779
"2145","6862_15",NA
"2146","6870_15",611.541549419716
"2147","6880_15",807.324328525142
"2148","6893_15",NA
"2149","6900_15",752.469066758609
"2150","6920_15",987.045220776203
"2151","6933_15",129
"2152","6940_15",NA
"2153","6950_15",912.03899313571
"2154","6960_15",611.647365726364
"2155","6971_15",849.94235098623
"2156","6973_15",NA
"2157","6980_15",NA
"2158","6990_15",1166.43458576002
"2159","7000_15",793.296946148457
"2160","7007_15",NA
"2161","7080_15",421.881648095766
"2162","7100_15",1033.28947414554
"2163","7120_15",1358.46099896695
"2164","7130_15",937.154117147075
"2165","7140_15",NA
"2166","7150_15",NA
"2167","7160_15",827.878829988337
"2168","7171_15",NA
"2169","7173_15",NA
"2170","7182_15",212.839141137151
"2171","7183_15",NA
"2172","7184_15",NA
"2173","7190_15",860.098987243412
"2174","7200_15",787.792349362626
"2175","7250_15",NA
"2176","7260_15",NA
"2177","7270_15",NA
"2178","7280_15",NA
"2179","7300_15",1413.11064550111
"2180","7321_15",NA
"2181","7323_15",662.056306949363
"2182","7330_15",926.735707431505
"2183","7361_15",1132.78506346085
"2184","7362_15",NA
"2185","7400_15",796.534724696732
"2186","7430_15",589.674126714056
"2187","7441_15",695.253670732249
"2188","7442_15",562.149891043305
"2189","7451_15",1251.62699829348
"2190","7470_15",1549.12827445447
"2191","7480_15",1131.90892280422
"2192","7490_15",550.082690753551
"2193","7500_15",640.790491111663
"2194","7540_15",NA
"2195","7550_15",NA
"2196","7560_15",NA
"2197","7570_15",NA
"2198","7600_15",961.632800427036
"2199","7620_15",894.718301637848
"2200","7650_15",NA
"2201","7660_15",NA
"2202","7673_15",NA
"2203","7680_15",NA
"2204","7700_15",662.555105524924
"2205","7730_15",1416.33488271665
"2206","7741_15",NA
"2207","7742_15",NA
"2208","7752_15",590.667898794802
"2209","7755_15",527.327538948359
"2210","7760_15",1498.31591016937
"2211","7770_15",NA
"2212","7790_15",627.664188347028
"2213","7800_15",589.235279226995
"2214","7830_15",656.161565469969
"2215","7840_15",1327.37114880001
"2216","7850_15",1438.33268636525
"2217","7860_15",1099.09580261838
"2218","7870_15",1061.72049557041
"2219","7884_15",NA
"2220","7900_15",738.872584704949
"2221","7950_15",855.189793749512
"2222","7960_15",NA
"2223","7970_15",NA
"2224","7980_15",NA
"2225","7990_15",NA
"2226","8000_15",1688.87408801351
"2227","8200_15",1633.66830105294
"2228","8210_15",937.470285123867
"2229","8220_15",1515.55176417969
"2230","8230_15",1545.70065935674
"2231","8240_15",1279.68467293243
"2232","8245_15",NA
"2233","8250_15",1512.14032605577
"2234","8260_15",1478.46698708699
"2235","8270_15",1324.81354632128
"2236","8300_15",577.712221364829
"2237","8305_15",782.390963040614
"2238","8310_15",1083.31006476843
"2239","8320_15",1394.32471494781
"2240","8330_15",653.481955884527
"2241","8340_15",528.431878296531
"2242","8350_15",NA
"2243","8355_15",1039.43665202427
"2244","8361_15",609.092284234734
"2245","8362_15",1162.90411562728
"2246","8370_15",1177.28185725788
"2247","8380_15",1060.88218007468
"2248","8381_15",681.431686126454
"2249","8382_15",899.181175133402
"2250","8400_15",1452.98860187497
"2251","8410_15",1098.41245831037
"2252","8420_15",2353.25136778883
"2253","8444_15",NA
"2254","8450_15",1227.21460895337
"2255","8462_15",828.500183205428
"2256","8464_15",884.458904399423
"2257","8471_15",1359.62407269349
"2258","8472_15",NA
"2259","8500_15",505.36194596405
"2260","8520_15",703.430725597259
"2261","8530_15",2037.48381238092
"2262","8541_15",889.924284791695
"2263","8543_15",1039.87457176334
"2264","8544_15",780.4124443737
"2265","8550_15",425.572849227955
"2266","8560_15",825.623602698792
"2267","8570_15",2807.21392131059
"2268","8581_15",NA
"2269","8585_15",NA
"2270","8586_15",NA
"2271","8592_15",NA
"2272","8600_15",926.54561980866
"2273","8620_15",437.454467018324
"2274","8632_15",NA
"2275","8641_15",NA
"2276","8643_15",NA
"2277","8653_15",1298.40697266561
"2278","8654_15",NA
"2279","8660_15",901.379177962207
"2280","8670_15",NA
"2281","8680_15",1620.58666625921
"2282","8700_15",576.316192120544
"2283","8721_15",1549.97806436091
"2284","8722_15",672.549188323267
"2285","8723_15",1031.76783102734
"2286","8732_15",NA
"2287","8740_15",681.523870245412
"2288","8751_15",1383.10086400089
"2289","8752_15",812.751089407657
"2290","8762_15",NA
"2291","8763_15",NA
"2292","8765_15",NA
"2293","8766_15",NA
"2294","8781_15",NA
"2295","8783_15",61.5792172733626
"2296","8800_15",998.820922748049
"2297","8830_15",588.320232890703
"2298","8831_15",NA
"2299","8832_15",522.85498308167
"2300","8840_15",NA
"2301","8850_15",371.457337484978
"2302","8860_15",1034.80025677837
"2303","8870_15",597.651773909476
"2304","8881_15",1630.50860163324
"2305","8882_15",543.778983901855
"2306","8883_15",NA
"2307","8900_15",778.046570294004
"2308","8920_15",764.176133766352
"2309","8930_15",1102.77549188362
"2310","8940_15",651.856559097707
"2311","8950_15",780.67041701348
"2312","8960_15",926.551473024075
"2313","8961_15",662.509622571627
"2314","8963_15",251.930545984404
"2315","8970_15",NA
"2316","8981_15",776.772136717682
"2317","8983_15",NA
"2318","8990_15",761.535510224791
"2319","9000_15",957.428542853273
"2320","9200_15",1143.56761775289
"2321","9210_15",561.363154819281
"2322","9220_15",749.284980593404
"2323","9230_15",673.118117420709
"2324","9240_15",993.359298757792
"2325","9260_15",1026.36223068244
"2326","9270_15",1307.95213433607
"2327","9280_15",893.732888614085
"2328","9293_15",619.425540319416
"2329","9300_15",718.542162496895
"2330","9310_15",516.266663515225
"2331","9320_15",1334.94350691955
"2332","9330_15",914.132531810506
"2333","9340_15",NA
"2334","9352_15",NA
"2335","9362_15",648.327270751432
"2336","9370_15",298.861649788469
"2337","9380_15",473.859472839786
"2338","9381_15",697.101379523333
"2339","9382_15",NA
"2340","9400_15",1041.68059387295
"2341","9430_15",1301.45571655084
"2342","9440_15",996.114657413636
"2343","9460_15",1122.20318220136
"2344","9480_15",1992.32068112254
"2345","9490_15",747.518752750916
"2346","9492_15",1041.56828868778
"2347","9493_15",NA
"2348","9500_15",476.549427806662
"2349","9510_15",1283.3507314838
"2350","9520_15",1154.62349305489
"2351","9530_15",1158.72858278867
"2352","9541_15",473.761543394987
"2353","9550_15",1590.83919153802
"2354","9560_15",762.992124561491
"2355","9574_15",NA
"2356","9575_15",NA
"2357","9600_15",934.825843215118
"2358","9610_15",909.638572914173
"2359","9620_15",710.64231509248
"2360","9631_15",NA
"2361","9632_15",NA
"2362","9640_15",715.20675332382
"2363","9670_15",810.789022672183
"2364","9681_15",NA
"2365","9690_15",536.285837963301
"2366","9700_15",621.246672885601
"2367","9740_15",NA
"2368","9750_15",NA
"2369","9760_15",598.175838139032
"2370","9800_15",350.742477772918
"2371","9830_15",1103.33011077072
"2372","9850_15",1572.05704610139
"2373","9870_15",1226.20354142369
"2374","9881_15",NA
"2375","9900_15",634.773623878173
"2376","9940_15",NA
"2377","9970_15",698.621499812309
"2378","9981_15",NA
"2379","9982_15",31.8198051533946
"2380","9990_15",1780.57430041145
