year;valgstedId;voters;votes;a;b;c;v;inc_support
2001;101001;13481,31;11538,3;2708,43;1687,86;931,27;2714,32;0,381017134
2001;101002;5708;4866;1036;567;521;1392;0,329428689
2001;101003;14211,97;11872,2;2613,92;1790,72;1062,25;2645,06;0,371004532
2001;101005;12467,76;9911,31;2660;1158,79;752,87;2124,82;0,385296192
2001;101006;9385;7909;2137;886;663;1765;0,382222784
2001;101007;13145,65;10101,43;3471,76;617,98;576,2;1825,76;0,40486743
2001;101008;10379,46;8166,84;2554,76;711,78;496,82;1530,42;0,399976001
2001;101009;4724,89;3846,73;1238,48;299,24;221,98;700,82;0,399747318
2001;101010;5608;4585;1400;475;289;825;0,408942203
2001;101011;13435,08;9866,4;2060,28;1582,87;912,57;2171,44;0,369248155
2001;101012;5714,82;5027,18;1017,02;887,82;482,96;1145,99;0,378908255
2001;101013;7305;6267;1613;823;365;954;0,388702729
2001;101014;10205,81;8855,91;1718,36;1218,74;1002,95;2425,19;0,331654229
2001;101016;6752,09;5396,61;1703,26;407,41;297,52;1080,91;0,391110345
2001;101017;14007,81;11123,07;3229,66;1007,57;650,01;2206,54;0,380940694
2001;101018;8588,45;6825,33;2200,71;439,55;448,37;1380,34;0,386832578
2001;101019;7752,65;6413,98;2012,38;419,47;397,11;1367,21;0,37914836
2001;101020;10143,1;8169,52;2178,53;1238,36;490,65;1329,43;0,418248563
2001;101021;10223,15;8065,17;2051,47;1090,85;553,48;1447,75;0,38961609
2001;101022;5877,98;4742,85;1198,64;586,16;244,08;692,33;0,37631382
2001;101023;4990;4200;1114;680;278;663;0,427142857
2001;101024;6162,67;5135,3;1418,3;665,67;287,5;787,66;0,405812708
2001;101025;9893,35;8020,84;2132,06;1161,17;426,41;1248,01;0,410584178
2001;101026;3156;2421;598;406;137;355;0,414704667
2001;101027;14090,99;10648,72;3387,93;890,98;660,66;1993,57;0,401823881
2001;101028;6673,3;5291,9;1622,81;487,6;392,82;975,88;0,398800053
2001;101029;4062;3349;1168;259;180;543;0,426097342
2001;101030;9622;7532,96;2278,34;704,63;482,82;1444,64;0,395989093
2001;101031;4175,03;3644,93;977,74;349,47;282,72;754,9;0,364124963
2001;101032;2965;2263;963;109;89;241;0,473707468
2001;101033;5843;4965,04;1469,66;477,37;345,18;1022,36;0,392147898
2001;101034;8590,71;7277,38;2181,26;596,42;483,52;1371,55;0,381686816
2001;101035;6417;5050;1731;368;337;839;0,415643564
2001;101036;8178;6879;2234;468;442;1198;0,39278965
2001;101039;4618,67;3825,48;1076,04;372,86;310,55;884,17;0,378749856
2001;101040;4613,97;3979,07;1070,26;369,53;329,28;853,1;0,361840832
2001;101041;9872,4;8321,68;2402,94;781,79;680,21;1798,15;0,382702772
2001;101042;7825,93;6634,84;2012,02;525,35;528,24;1262,67;0,382431227
2001;101043;7663;6425;1798;494;546;1465;0,356731518
2001;101044;4901;3932;1430;200;230;730;0,414547304
2001;101046;5091;3912;1385;222;211;648;0,410787321
2001;101047;3971;3255;1048;224;184;583;0,39078341
2001;101048;4974;4018;1402;251;279;728;0,411398706
2001;101049;6757,34;5498,63;1505,97;768,82;291,79;815,02;0,413701231
2001;101050;7494,86;6277,46;1639,49;997,53;332,06;884,35;0,420077547
2001;101051;8460,95;6556,73;2283,72;373,77;324,06;1013,29;0,405307219
2001;101052;6787,8;5606,91;1375,54;955,65;353,15;841,64;0,415770897
2001;101053;5054,04;4184,17;1214,89;539,51;181,79;477,94;0,419294627
2001;101054;3047,64;2346,31;802,22;201,65;144,58;339,77;0,42785054
2001;101055;435,37;339,79;116,17;22,07;16,57;51;0,406839519
2001;147001;8031;7043;1570;927;1149;1568;0,354536419
2001;147002;8215;7186;1542;868;1349;1722;0,335374339
2001;147003;10851;9377;2212;1034;1432;2182;0,346166151
2001;147004;9876;8642;1976;935;1432;2010;0,336843323
2001;147005;9227;7796;2122;669;1241;1604;0,358004105
2001;147006;8752;7440;1792;569;1543;1742;0,31733871
2001;147007;9318;7822;1858;800;1272;1800;0,33981079
2001;147008;8002;7088;1716;772;957;1653;0,351015801
2001;151001;4394,88;3825,09;1604,64;108,01;161,38;784,91;0,447741099
2001;151002;6684;5654;2287;189;274;1172;0,437920057
2001;151003;2573;2347;757;116;185;670;0,37196421
2001;151004;2877;2468;1048;59;109;493;0,448541329
2001;151005;3686,12;3440,91;1024,36;176,99;297,62;1048,09;0,349137292
2001;151006;4175;3600;1653;75;142;584;0,48
2001;151007;1544;1415;432;59;131;389;0,346996466
2001;151008;3018;2705;837;147;208;784;0,363770795
2001;151009;3253;2997;832;208;295;915;0,34701368
2001;151010;1822;1682;470;102;108;412;0,340071344
2001;153001;3325;3017;1046;97;218;823;0,378853165
2001;153002;3486;2899;1156;80;173;600;0,426353915
2001;153003;3141;2720;1036;97;158;611;0,416544118
2001;153004;5792;5028;2020;175;287;980;0,43655529
2001;153005;8040;6678;2270;312;340;1504;0,386642707
2001;155001;3399,51;3131,51;719,72;214,98;368,61;1146,49;0,298482202
2001;155004;6224,49;5729,49;1388,28;248,02;618,39;2101,51;0,285592609
2001;157001;5259;4757;593;394;1035;1859;0,207483708
2001;157002;4410;3951;844;325;541;1158;0,295874462
2001;157003;5106;4413;613;453;844;1658;0,24155903
2001;157004;5363;4433;917;303;629;1373;0,275208662
2001;157005;4904;4442;654;405;779;1649;0,238406123
2001;157006;5637;5130;593;519;1048;2025;0,216764133
2001;157007;5512;4867;734;496;813;1746;0,252722416
2001;157008;4375;3888;490;352;714;1536;0,216563786
2001;157009;5080;4587;562;373;896;1921;0,20383693
2001;157010;4836;4208;465;319;902;1787;0,186311787
2001;159001;4934;4265;1076;325;453;1234;0,328487691
2001;159002;6178;5390;1632;312;410;1368;0,360667904
2001;159003;5843;5066;1651;220;369;1205;0,369324911
2001;159004;6516;5754;1814;377;342;1182;0,380778589
2001;159005;5027;4398;1599;156;278;860;0,39904502
2001;159006;6085;5374;1473;481;512;1412;0,363602531
2001;159007;3702;3291;915;236;251;825;0,34974172
2001;159008;4435;3854;1174;193;316;1015;0,354696419
2001;159009;2653;2253;689;164;140;597;0,378606303
2001;161001;2003;1833;616;66;151;488;0,372067649
2001;161002;2429;2079;548;71;195;673;0,297739298
2001;161003;4087;3444;1172;128;245;953;0,37746806
2001;161004;3439;2930;1252;67;133;535;0,450170648
2001;161005;1351;1282;238;40;115;580;0,216848674
2001;161006;2326;2025;678;47;126;585;0,358024691
2001;163001;6513;5644;2206;236;406;1128;0,432671864
2001;163002;6433,61;5770,51;2141,73;230,03;459,82;1381,83;0,411013931
2001;163003;6794,39;5773,49;2034,27;255,97;399,18;1342,17;0,396682076
2001;165001;4731;4227;1257;194;281;922;0,343269458
2001;165002;3466;3146;1037;130;221;726;0,370947235
2001;165003;2892;2397;908;118;101;367;0,428035044
2001;165004;4166;3484;1366;130;108;566;0,429391504
2001;165005;4208;3758;1343;245;179;740;0,422565194
2001;167001;4086;3447;1100;183;261;850;0,372207717
2001;167002;3322;2850;985;120;189;696;0,387719298
2001;167003;4427;3758;1514;121;178;737;0,435071847
2001;167004;4691;4095;1510;153;197;877;0,406105006
2001;167005;4950;4356;1387;180;289;1158;0,359733701
2001;167006;5239;4569;1693;167;231;1034;0,407091267
2001;167007;5376;4653;1524;154;362;1294;0,360627552
2001;167008;4131;3387;1239;154;145;672;0,411278417
2001;169001;2710;2157;735;73;172;507;0,374594344
2001;169002;3278;2857;878;103;283;844;0,343367168
2001;169003;2560;2339;633;101;249;786;0,31380932
2001;169004;2121;1834;580;81;191;503;0,360414395
2001;169005;1583;1456;472;57;128;423;0,363324176
2001;169006;3748,76;3056,54;982,73;110,26;208,05;808,24;0,357590609
2001;169007;3329;2917;1009;108;186;815;0,382927665
2001;169008;2423,24;2043,46;616,27;85,74;152,95;596,76;0,343539878
2001;169009;1729;1542;383;54;143;571;0,283398184
2001;169010;1793;1475;528;38;79;418;0,383728814
2001;169011;3312;2859;939;70;172;1002;0,352920602
2001;169012;3050;2789;802;108;249;951;0,326281821
2001;169013;581;545;147;18;37;207;0,302752294
2001;173001;5158,4;4293,7;931,3;300,16;554,6;1436,2;0,286806251
2001;173002;4512;3907;1267;220;392;1002;0,380598925
2001;173003;4770,59;4173,81;895,75;299,7;538,21;1373,47;0,286416967
2001;173004;4609;4120;817;344;563;1397;0,281796117
2001;173005;1129;1026;185;110;158;338;0,287524366
2001;173006;4701;4314;680;448;751;1602;0,26147427
2001;173007;3484;3223;618;331;517;1034;0,294446168
2001;173008;3867;3422;806;284;466;1071;0,318527177
2001;173009;2140,6;1985,3;396,7;247,84;296,4;615,8;0,324656223
2001;173010;4616,41;4076,19;980,25;370,3;508,79;1185,53;0,331326557
2001;175001;3122;2736;918;117;227;645;0,378289474
2001;175003;5768,97;4929,27;1649,18;248,18;366,87;1210,48;0,384917036
2001;175004;2994,57;2491,97;1064,52;74,05;116,96;435,72;0,456895549
2001;175005;7393,46;6316,76;2406,3;234,77;368,17;1344,81;0,418105168
2001;175007;4022;3439;1362;143;208;671;0,437627217
2001;175008;4177;3721;1244;149;279;890;0,374361731
2001;183001;1052,27;956,39;241,88;38,5;87,83;327,91;0,293164922
2001;183002;2831,73;2505,61;849,12;87,5;144,17;680,09;0,373809172
2001;183003;3379;2843;1047;81;148;714;0,396763982
2001;183004;2511;1903;800;129;47;240;0,488176563
2001;183005;3765;3281;1091;98;222;944;0,362389515
2001;185001;4151;3685;1149;91;234;1041;0,336499322
2001;185002;5046;4488;1482;138;275;1304;0,360962567
2001;185003;4681;3953;1549;131;219;804;0,424993676
2001;185004;3832;3268;1242;133;208;776;0,420746634
2001;185005;3630;3179;1022;121;214;883;0,359547027
2001;185006;8722;7454;3010;260;362;1605;0,438690636
2001;187001;2339;2021;514;51;292;630;0,279564572
2001;187002;3116;2892;781;108;445;895;0,307399723
2001;187003;3587;3316;817;148;567;1084;0,291013269
2001;190001;7030,92;6483,31;1369,03;508,84;810,92;2202,56;0,289646801
2001;190002;2480;2314;421;253;261;778;0,291270527
2001;190003;2775,08;2576,69;513,97;206,16;298,08;951,44;0,279478711
2001;190004;938;863;194;82;102;249;0,3198146
2001;190005;4123;3789;654;332;351;1618;0,260226973
2001;190006;4449;4076;788;320;347;1618;0,271835132
2001;190007;4241;3562;946;212;186;1202;0,325098259
2001;201001;1963;1880;275;146;239;808;0,22393617
2001;201002;3321,37;3021,61;728,06;252,83;339,1;927,76;0,324624952
2001;201003;4193,63;3761,73;773,95;286,78;464,97;1389,22;0,281979302
2001;201004;3404;3082;588;172;284;1318;0,246593121
2001;201005;3633;3404,66;551,99;245,4;475,92;1486,02;0,234205471
2001;210001;4160;3663;834;213;360;1380;0,285831286
2001;210002;3542;3203;565;283;419;1306;0,264751795
2001;210003;3511;3077;702;279;330;1030;0,31881703
2001;210004;3215;2899;754;216;292;897;0,334598137
2001;210005;3262;2881;609;228;241;1080;0,290524124
2001;210006;3448;3067;616;171;322;1259;0,256602543
2001;210007;2849;2546;582;154;230;970;0,289080911
2001;210008;853;801;89;47;86;407;0,169787765
2001;210009;2810;2438;591;227;237;779;0,335520919
2001;217001;9690,51;7722,08;2474,35;477,5;787,58;1831,79;0,382260997
2001;217002;7237,49;6013,92;2474,65;241,5;491,42;1137,21;0,451643853
2001;217003;5229;4374;1554;207;453;969;0,40260631
2001;217004;4041;3550;852;254;463;1122;0,311549296
2001;217005;3649;3213;781;223;389;1068;0,312480548
2001;217006;957;865;221;51;106;285;0,314450867
2001;217007;1200;1078;211;73;115;405;0,263450835
2001;217008;676;593;158;25;55;163;0,308600337
2001;217009;3502;3021;738;220;437;927;0,317113539
2001;217010;3240;2909;582;291;424;954;0,300103128
2001;217011;4880;4412;1093;319;682;1307;0,320036265
2001;219001;5682,49;4903,34;1243,91;344,61;427,56;1606,61;0,323966929
2001;219002;4758,86;4230,64;1317,69;268,86;365,04;1236,12;0,375014182
2001;219003;611;573;111;37;44;238;0,258289703
2001;219004;1173;1100;244;117;98;328;0,328181818
2001;219005;1696;1550;322;66;135;635;0,250322581
2001;219006;2331;2099;563;138;146;720;0,333968556
2001;219007;1381;1228;243;132;141;404;0,305374593
2001;219008;799,14;752,36;141,31;71,14;77,96;272,88;0,282378117
2001;219009;3201;2884;807;196;247;886;0,34778086
2001;219010;4887,51;4156,66;1286,09;272,39;317,44;1185,39;0,374935645
2001;219011;1369;1216;248;61;109;503;0,254111842
2001;219012;2259;2038;470;59;236;836;0,259568204
2001;219013;821;737;179;28;78;275;0,280868385
2001;219014;914;841;163;28;56;397;0,227110583
2001;223001;4550;4061;551;322;749;1751;0,214971682
2001;223002;5014;4591;786;372;738;1866;0,252232629
2001;223003;3212;3020;175;231;656;1583;0,134437086
2001;223004;371;340;40;20;59;145;0,176470588
2001;223005;4891;4361;570;274;828;1978;0,193533593
2001;230001;4977,41;4422,25;890,88;523,1;490,18;1473,73;0,319742213
2001;230003;4845,61;4429,23;546,81;454,02;674,84;2026,27;0,225960268
2001;230004;3896;3449;763;257;359;1371;0,295737895
2001;230005;4976,27;4439,58;824,63;497,28;530,7;1588,14;0,297755644
2001;230006;2527;2357;317;220;344;1068;0,22783199
2001;230007;5629,69;5068,39;946,43;563,93;597,16;1853,43;0,297996011
2001;230008;4006,39;3672,77;632,19;248,98;484,16;1626,73;0,239919734
2001;230009;2995;2810;233;240;449;1444;0,168327402
2001;230010;5001,63;4566,77;439,06;317,69;740,97;2305,7;0,165707929
2001;240001;781,89;720,81;147,07;25,66;110,39;262,61;0,23963319
2001;240002;6538,11;6031,19;1442,93;309,34;655,61;2171,39;0,290534704
2001;240003;4624,52;4157,64;989,5;210,1;356,42;1689,58;0,288529069
2001;240004;1347;1255;273;87;187;410;0,28685259
2001;240005;2511;2364;471;149;246;928;0,262267343
2001;240006;1196;1119;215;62;87;396;0,247542449
2001;240007;4252,66;3871,45;1008,1;156,72;319,8;1480,38;0,300874349
2001;240008;4449,48;4000,36;1053,5;136,9;315,58;1520,42;0,297573218
2001;240009;1771,34;1612,55;419,9;65,28;133,2;616,62;0,300877492
2001;250001;7514,77;6588,82;1987,22;303,09;558,17;2299,12;0,347605489
2001;250002;5999,23;5336,18;1516,78;266,91;401,83;1888,88;0,334263462
2001;250003;5377;4815;1149;210;359;1986;0,282242991
2001;250004;6192,63;5432,43;1411,64;225,44;364,12;1929;0,30135317
2001;250005;5968,37;5260,57;1602,36;230,56;265,88;1664;0,348426121
2001;253001;3004;2527;770;103;156;701;0,345468935
2001;253002;5493,7;5060,23;1135,51;185,78;478,43;2079,72;0,261112637
2001;253003;7829;6940;1817;234;644;2677;0,295533141
2001;253004;3882;3622;830;127;366;1518;0,264218664
2001;253005;5559;5003;1154;183;536;2009;0,267239656
2001;253006;4645,3;4181,77;1132,49;137,22;377,57;1567,28;0,303629803
2001;253007;4287;3443;1080;102;234;1006;0,343305257
2001;259001;3154;2744;868;114;252;910;0,35787172
2001;259002;4499;3842;1424;119;296;1039;0,401613743
2001;259003;644;596;166;17;65;208;0,30704698
2001;259004;1504;1332;347;49;109;495;0,297297297
2001;259005;3270;2816;1032;84;200;721;0,396306818
2001;259006;2904;2580;779;70;184;883;0,329069767
2001;259007;2366,6;1998;629,63;90,24;125,93;612,81;0,360295295
2001;259008;1008;910;245;31;78;317;0,303296703
2001;259009;3622;3175;1073;105;260;960;0,371023622
2001;259010;3868;3402;1049;157;315;1135;0,354497354
2001;259011;2275,4;1921;605,37;86,76;121,07;589,19;0,36029672
2001;259012;3460;3039;772;131;295;1010;0,297137216
2001;259013;2311;2136;551;100;196;784;0,304775281
2001;259014;974;882;205;36;63;344;0,27324263
2001;259015;2197;1984;500;64;165;755;0,284274194
2001;259016;1238;1153;312;46;114;436;0,310494363
2001;260001;7324;6320;1992;255;333;1865;0,355537975
2001;260002;2797;2415;879;107;117;710;0,408281573
2001;260003;6886;5654;2160;207;357;1501;0,41864167
2001;260004;2136;1838;553;63;101;616;0,335146899
2001;260005;3223;2848;816;131;188;877;0,332514045
2001;265001;4390,88;3816,26;1068,99;260,56;354,68;1055,12;0,348390833
2001;265002;4724;4188;1085;297;513;1335;0,329990449
2001;265003;6184;5352;1814;352;345;1266;0,40470852
2001;265004;3759;3249,06;1113,56;198,67;207,1;792,4;0,403879891
2001;265005;5048;4312;1350;222;298;1210;0,364564007
2001;265006;4649,64;4260,6;931,49;327,2;494,71;1531,88;0,295425527
2001;265007;3219,8;2972,34;918,58;173,12;252,52;1063,52;0,36728638
2001;265008;1651;1553,94;428,44;83,33;154,9;520,6;0,32933704
2001;265009;922;832;214;44;73;295;0,310096154
2001;265010;4325,32;3514,4;1309,44;157,32;183,8;745,36;0,417357159
2001;265011;2349,46;2155,91;563,42;98,93;168,45;790,74;0,307225255
2001;265013;4143,7;3810,55;813,42;187,24;372,06;1506,47;0,262602511
2001;265014;1871;1749;451;65;149;675;0,295025729
2001;265015;2672,3;2457,45;524,58;120,76;239,94;971,53;0,262605546
2001;265016;1623;1478;411;68;125;577;0,324086604
2001;265017;3062;2831;891;157;200;1036;0,370187213
2001;265018;848;784;207;27;60;300;0,298469388
2001;265020;1187;1097;304;46;61;443;0,31905196
2001;265021;1343,9;1231,49;272,09;92,88;140,84;442,39;0,296364567
2001;269001;3084;2733,94;744,79;93,87;251,09;1012,32;0,306758744
2001;269004;4730;4272;973;160;424;1775;0,265215356
2001;269005;6998;6353,06;1478,21;248,13;639,91;2478,68;0,271733621
2001;270001;3742;3248;732;118;159;1329;0,261699507
2001;270002;2467;2138;481;129;135;750;0,285313377
2001;270003;399;373;70;15;28;145;0,227882038
2001;270004;3500;3078;765;130;154;1116;0,290773229
2001;270005;1770;1603;309;71;151;713;0,237055521
2001;270006;4682;4089;914;192;289;1560;0,27048178
2001;270007;1255;1100;205;58;66;454;0,239090909
2001;270008;5273;4601;1153;190;293;1886;0,291893067
2001;270009;772;699;155;42;45;266;0,281831187
2001;270010;2053;1862;362;107;126;770;0,251879699
2001;270011;2326;2031;459;113;119;708;0,281634663
2001;270012;1573;1415;324;135;105;433;0,324381625
2001;306001;2813;2453;661;112;325;760;0,315124338
2001;306002;3005;2602;795;99;225;768;0,34358186
2001;306003;1934;1675;477;54;145;504;0,317014925
2001;306004;2508;2131;540;85;203;698;0,293289535
2001;306005;1091;928;279;35;98;230;0,338362069
2001;306006;2291;1935;499;76;221;643;0,297157623
2001;306007;4696;3958;1323;185;437;1082;0,381000505
2001;306008;1266;1131;234;54;145;366;0,25464191
2001;306010;1195;1039;265;61;89;305;0,313763234
2001;306011;2738;2315;631;125;246;681;0,326565875
2001;306012;584;490;103;19;40;170;0,248979592
2001;306013;904;730;188;49;60;223;0,324657534
2001;316001;6328,35;5480;1732,7;445,12;852,43;1219,6;0,397412409
2001;316002;6469,12;5272,15;1747,63;345,39;766,66;1123,37;0,396995533
2001;316003;4013,93;3368,9;942,11;280,56;572,49;765,84;0,362928552
2001;316004;3038,61;2764,94;688,56;151,93;432,42;889,18;0,30398128
2001;316005;3020;2677;695;190;476;755;0,330593948
2001;316006;1761;1555;375;89;189;516;0,298392283
2001;316007;3114;2782;751;218;303;852;0,348310568
2001;316008;2757;2421;621;146;230;777;0,316811235
2001;316009;2837;2542;689;139;310;801;0,325727773
2001;316010;2508;2204;572;106;238;763;0,307622505
2001;316011;3430;2897;893;111;318;895;0,346565412
2001;316012;3162;2738;795;120;251;872;0,334185537
2001;316013;2558;2189;682;104;260;609;0,359068068
2001;316014;2340;2052;533;128;184;713;0,322124756
2001;316015;757;648;179;19;42;193;0,305555556
2001;320001;5029,62;4377,09;1165,83;179,82;352,69;1584,75;0,307430279
2001;320002;5762,38;4999,91;1349,17;216,18;424,31;1775,25;0,313075635
2001;320003;3622;3039;1117;91;303;877;0,397499177
2001;320004;3072,02;2634,32;782,04;96,73;233;737,18;0,333585138
2001;320005;2666,98;2340,68;624,96;83,27;211;800,82;0,302574466
2001;320006;2587;2329;508;107;197;982;0,264061829
2001;320007;2637;2325;561;72;228;908;0,272258065
2001;326001;2528;2123;624;66;189;610;0,325011776
2001;326002;339;311;75;9;13;109;0,270096463
2001;326003;3358;2836;920;76;185;798;0,351198872
2001;326004;2233;1892;604;46;158;620;0,343551797
2001;326005;1370;1208;282;46;85;452;0,271523179
2001;326006;501;433;109;11;44;122;0,277136259
2001;326007;787;685;194;27;43;238;0,322627737
2001;326008;2394;2072;627;91;236;648;0,346525097
2001;326009;3527;3019;848;109;285;983;0,316992382
2001;326010;1481;1315;292;57;105;437;0,26539924
2001;326011;1153;1020;204;30;88;398;0,229411765
2001;326012;3189;2665;823;123;308;689;0,354971857
2001;326013;2559;2077;791;59;173;440;0,409244102
2001;326014;1196;1046;311;57;100;341;0,351816444
2001;326015;2632;2325;719;76;240;690;0,341935484
2001;326016;3155;2803;820;107;290;890;0,330717089
2001;326017;687;611;151;28;56;205;0,292962357
2001;326018;3037;2524;870;91;271;677;0,380744849
2001;329001;5956;5008;1504;216;468;1536;0,343450479
2001;329002;616;554;131;20;47;210;0,272563177
2001;329003;525;471;102;23;26;158;0,265392781
2001;329004;3608;3158;1085;110;238;923;0,378404053
2001;329005;949;864;182;36;57;306;0,252314815
2001;329006;4538;3824;1266;127;282;1075;0,364278243
2001;329008;977;895;217;61;45;280;0,310614525
2001;329009;1011;916;240;33;84;320;0,298034934
2001;329010;981;885;255;35;67;303;0,327683616
2001;329011;540;459;108;22;24;176;0,283224401
2001;329012;815;719;163;38;59;267;0,279554937
2001;329013;958;864;246;36;48;285;0,326388889
2001;329014;648;554;156;20;25;198;0,317689531
2001;330001;1377,31;1177,65;357;42,59;110,29;367,58;0,33931134
2001;330002;990,59;882,89;194,01;38,46;83,76;296,58;0,263305735
2001;330003;977;848;210;39;71;310;0,293632075
2001;330004;1352;1219;322;50;105;431;0,305168171
2001;330005;5969;5049;1695;172;457;1278;0,369776193
2001;330006;5573;4558;1744;122;285;904;0,409390083
2001;330007;1785;1594;583;41;120;417;0,391468005
2001;330008;2316;2069;534;74;150;719;0,293861769
2001;330009;4717,42;4027,35;1322,12;147,33;386,14;1073,1;0,364867717
2001;330010;1330;1169;280;59;101;390;0,289991446
2001;330011;2794;2376;646;137;245;646;0,329545455
2001;330012;204;176;27;6;18;55;0,1875
2001;330013;1034;900;206;43;63;293;0,276666667
2001;330014;516,1;461,46;106,99;24,94;32,95;160,84;0,285896936
2001;330015;1969;1650;532;92;145;476;0,378181818
2001;330016;399,98;359,32;79,43;18,91;22,69;127,65;0,273683625
2001;330017;149;134;31;3;6;42;0,253731343
2001;330018;581,02;499,68;106,57;28,09;42,31;186,35;0,269492475
2001;330019;5130;3985;1094;143;474;1193;0,310414053
2001;330020;4322;3631;1101;129;426;1036;0,338749656
2001;330021;4843;4230;1276;145;431;1261;0,335933806
2001;330022;5062;4020;1196;124;401;1162;0,328358209
2001;330024;1063,58;965,65;166,88;32,67;86,86;403,9;0,206648372
2001;330025;1593,98;1428,54;350,7;45,57;117,89;493,35;0,277395103
2001;330026;458,02;420,46;90,3;12,43;39,11;140,65;0,244327641
2001;336001;4123,63;3734,97;965,99;107,12;288,53;1410,09;0,287314222
2001;336002;4947,32;4490,32;1079,22;152,69;407,71;1764,09;0,274347931
2001;336003;4502,05;3871,72;1111,79;157,19;420,76;1317,83;0,327756139
2001;336004;2872;2558;664;89;226;889;0,294370602
2001;340001;4072;3419;911;125;386;1026;0,303012577
2001;340002;1366;1138;360;32;133;296;0,344463972
2001;340004;1378,48;1227,21;351,37;43,61;72,09;487,71;0,321852006
2001;340005;4154;3542;1109;207;431;1010;0,371541502
2001;340006;3421;3054;817;167;310;965;0,322200393
2001;340008;2421,52;2112,79;601,63;83,39;190,91;733,29;0,324225313
2001;340010;4042;3525;919;128;307;1271;0,297021277
2001;350001;2547;2292;597;82;148;933;0,296247818
2001;350002;1950;1744;473;81;108;640;0,31766055
2001;350003;1326;1212;305;49;64;470;0,292079208
2001;350004;1148;1051;274;43;81;431;0,301617507
2001;350005;868;780;200;41;50;320;0,308974359
2001;350006;2885;2602;811;163;151;757;0,37432744
2001;350008;2176;1993;572;84;156;698;0,329152032
2001;350009;1970;1848;442;93;141;771;0,289502165
2001;350011;1722;1624;352;141;132;663;0,303571429
2001;350012;2304;2099;549;120;153;836;0,318723202
2001;360001;742,33;664,23;194,77;12,86;60,64;225,09;0,312587507
2001;360003;2512,67;2180,77;896,23;47,14;154,36;579,91;0,432585738
2001;360008;1064;900;295;34;75;235;0,365555556
2001;360011;2015;1721;649;39;115;493;0,399767577
2001;360013;5312;4610;1751;143;410;1251;0,410845987
2001;360014;65;62;9;0;5;15;0,14516129
2001;360019;3243;2785;941;74;188;797;0,364452424
2001;360020;8062,43;6609,97;2942,37;170,02;445,05;1145,46;0,470862954
2001;360021;4715,57;4049,03;1643,63;99,98;297,95;850,54;0,430624125
2001;360026;582;495;165;17;41;140;0,367676768
2001;360027;506;430;105;23;39;121;0,297674419
2001;360028;148;126;35;0;9;49;0,277777778
2001;360029;2194;1829;690;55;120;477;0,407326408
2001;360035;2806;2405;812;53;174;700;0,35966736
2001;360036;3534;3049;934;79;222;1091;0,332240079
2001;360037;1631;1339;505;42;89;303;0,408513816
2001;370001;3216;2763;750;139;315;870;0,321751719
2001;370002;841;756;176;28;68;290;0,26984127
2001;370003;1582;1339;368;47;127;458;0,309932786
2001;370004;1570;1399;329;60;190;548;0,278055754
2001;370005;761;698;192;24;62;253;0,309455587
2001;370006;1871;1615;407;41;151;627;0,277399381
2001;370007;1230;1083;241;43;81;469;0,262234534
2001;370008;3014;2691;1004;96;373;695;0,408769974
2001;370009;1009;920;305;24;116;273;0,357608696
2001;370010;1121;984;295;26;109;325;0,326219512
2001;370011;2127;1893;667;55;172;551;0,381405177
2001;370012;436;385;98;14;24;140;0,290909091
2001;370013;520;451;107;18;50;172;0,277161863
2001;370014;2265;1975;668;51;185;622;0,364050633
2001;370020;3325;2920;966;96;467;799;0,36369863
2001;370021;2892;2403;737;106;414;615;0,350811486
2001;370022;4169;3464;1367;115;388;696;0,427829099
2001;370023;4729;4046;1385;162;582;979;0,382352941
2001;370024;4767;4197;1504;154;567;1026;0,395044079
2001;370025;2745;2408;936;80;289;540;0,42192691
2001;370026;2820;2527;679;99;511;766;0,307874951
2001;370027;2986;2615;762;97;435;749;0,328489484
2001;370028;3961;3152;1214;103;393;711;0,417829949
2001;370029;620;574;182;14;78;153;0,341463415
2001;370031;1454;1287;349;34;151;476;0,297591298
2001;370032;1774;1625;406;63;236;531;0,288615385
2001;376001;3615,39;2927,53;946,5;146,3;276,38;734,1;0,373283963
2001;376002;3151,75;2639,39;971,99;124,36;200,96;622,79;0,415380069
2001;376003;3346;2834;1088;84;278;691;0,413549753
2001;376004;3393,31;2924,11;1072,27;127,95;311,6;698,64;0,410456515
2001;376005;1897,23;1680,43;526,94;52,45;153,94;497,48;0,344786751
2001;376006;1584,46;1375,65;406,55;44,66;92,04;410,43;0,327997674
2001;376007;2715;2448;823;84;265;755;0,370506536
2001;376008;2644,66;2345,2;722,98;98,41;208,95;708,18;0,35024305
2001;376009;1603;1388;366;66;100;482;0,311239193
2001;376010;2882,87;2426,11;816,77;92,67;163,14;822,43;0,374855221
2001;376011;1895;1653,86;532,81;67,04;128,57;501,88;0,362696963
2001;376012;2336,22;2042,33;692,47;74,99;153,45;606,1;0,375776686
2001;376013;4950,25;4123,97;1561,44;144;345,27;1187,34;0,41354326
2001;376014;1261,12;1069,57;314,82;34,49;94,59;299,28;0,32658919
2001;376015;1000,5;873,62;295,2;25,43;61,16;291,78;0,367013118
2001;376016;3039,26;2633,66;933,68;79,39;248,08;718,3;0,384662409
2001;376017;2719,61;2402,25;802,21;87,28;154,55;754,27;0,370273702
2001;376018;1661,36;1503,33;444,37;50,57;168,35;526,02;0,329229111
2001;376019;2566;2332;626;80;317;797;0,302744425
2001;376020;1392;1201;365;32;129;289;0,330557868
2001;390001;4300;3606;1208;159;472;955;0,379090405
2001;390002;2908;2515;1029;85;212;579;0,442942346
2001;390003;1934;1712;484;81;216;513;0,330023364
2001;390004;1996;1726;649;50;175;460;0,404982619
2001;390005;979,7;855,57;230,99;24,79;70,85;327,73;0,298958589
2001;390006;2980;2591;729;80;251;817;0,312234658
2001;390007;1549;1339;443;46;121;452;0,365197909
2001;390008;4584,33;3938,81;1193,1;153,65;326,46;1242,45;0,34191799
2001;390009;1659,67;1452,19;336,9;56,35;109,54;485,55;0,270797898
2001;390010;1999;1753;434;68;107;601;0,286366229
2001;390011;824;734;197;33;58;219;0,313351499
2001;390012;3043,85;2607,51;859,55;85,69;231,72;847,31;0,362506759
2001;390013;988,45;855,92;245,46;43,51;65,43;287,96;0,337613328
2001;390014;624;549;178;14;27;160;0,349726776
2001;390015;1375,35;1203,21;396,54;40,38;102,87;378,69;0,363128631
2001;390016;1892;1688;524;46;151;494;0,337677725
2001;390017;1524,65;1376,79;456,46;34,62;175,13;416,31;0,356684752
2001;400001;3223;2745;804;69;69;1132;0,318032787
2001;400002;2646;2270;664;49;61;925;0,314096916
2001;400003;1837;1624;613;47;91;538;0,406403941
2001;400004;3756;3163;1195;59;122;1228;0,396459058
2001;400005;1445;1278;430;19;32;499;0,351330203
2001;400006;4512;3887;1403;65;125;1406;0,377669154
2001;400007;2267,13;2013,03;705,63;25,45;62,01;758,05;0,363173922
2001;400008;11417;9478;4260;168;374;2678;0,46718717
2001;400009;2537,87;2165,97;841,37;51,55;58,99;750,95;0,412249477
2001;410001;4988;4275;1618;249;423;1010;0,436725146
2001;410002;4727;4235;1589;201;426;1100;0,422668241
2001;410003;3074;2810;655;150;414;990;0,286476868
2001;410004;1327;1185;342;82;141;386;0,357805907
2001;410005;949;833;215;35;68;300;0,300120048
2001;410006;2661;2314;776;136;208;705;0,394122731
2001;410007;1297;1168;280;60;128;417;0,29109589
2001;410008;2187;1943;497;91;225;655;0,302624807
2001;410009;2112;1802;595;84;192;514;0,376803552
2001;410010;1848;1618;388;84;181;583;0,291718171
2001;410011;1293;1121;316;61;120;320;0,336306869
2001;411001;74;68;13;7;8;20;0,294117647
2001;420001;5229,22;4319,17;1505,17;182,04;613;1096,78;0,390632923
2001;420002;1351,22;1172,17;377,17;58,04;161;323,78;0,371285735
2001;420003;685,22;615,17;198,17;32,04;75;170,78;0,37422176
2001;420004;747,22;646,17;181,17;31,04;86;205,78;0,328412028
2001;420005;204,22;187,17;30,17;9,04;27;79,78;0,2094887
2001;420007;781,22;686,17;168,17;47,04;82;234,78;0,313639477
2001;420008;1896,22;1652,17;493,17;104,04;258;462,78;0,361470067
2001;420009;874,22;728,17;204,17;31,04;108;211,78;0,32301523
2001;420010;406,22;362,17;101,17;22,04;40;126,78;0,340199354
2001;420011;457,22;400,17;79,17;24,04;46;141,78;0,257915386
2001;420012;693,22;619,17;134,17;30,04;57;226,78;0,265209878
2001;420013;2505,22;2146,17;552,17;96,04;299;784,78;0,30203106
2001;420014;573,22;498,17;99,17;34,04;52;172,78;0,267398679
2001;420015;1257,22;1131,17;304,17;44,04;132;365,78;0,307831714
2001;420016;1474,22;1278,17;358,17;61,04;164;420,78;0,327976717
2001;420017;1676,22;1496,17;469,17;56,04;228;393,78;0,351036313
2001;420018;921,22;793,17;223,17;26,04;131;264,78;0,314194939
2001;420019;397,22;354,17;96,17;11,04;37;122,78;0,302707739
2001;420020;4580,22;4025,17;1169,17;136,04;688;942,78;0,324262081
2001;420021;2173,22;1868,17;556,17;62,04;300;546,78;0,330917422
2001;420022;540,22;485,17;110,17;25,04;70;159,78;0,278685821
2001;420023;605,22;537,17;163,17;20,04;50;166,78;0,341065212
2001;420024;639,22;553,17;126,17;20,04;94;179,78;0,26431296
2001;430001;1265,19;1150,57;316,29;42,52;153,86;358,57;0,311854124
2001;430002;1112,19;940,57;248,29;35,52;145,86;288,57;0,30174256
2001;430003;1566,19;1369,57;341,29;41,52;174,86;518,57;0,279511087
2001;430004;914,19;789,57;174,29;37,52;107,86;288,57;0,268259939
2001;430005;133,19;123,57;17,29;4,52;16,86;49,57;0,17649915
2001;430007;6506,19;5602,57;1720,29;278,52;859,86;1454,57;0,356766627
2001;430008;1728,19;1511,57;389,29;68,52;215,86;462,57;0,302870525
2001;430009;1657,19;1405,57;401,29;52,52;187,86;453,57;0,322865457
2001;430010;156,19;137,57;21,29;9,52;15,86;60,57;0,223958712
2001;430011;1868,19;1660,57;379,29;85,52;235,86;541,57;0,27990991
2001;430012;1495,19;1327,57;364,29;67,52;148,86;426,57;0,325263451
2001;430013;1132,19;989,57;227,29;29,52;124,86;383,57;0,25951676
2001;430014;1181,19;1015,57;199,29;41,52;128,86;406,57;0,237118072
2001;430015;5322,19;4603,57;1280,29;231,52;575,86;1447,57;0,328399481
2001;430016;918,19;820,57;204,29;42,52;106,86;242,57;0,300778727
2001;430017;1760,19;1519,57;398,29;69,52;171,86;455,57;0,307856828
2001;430018;1762,19;1491,57;422,29;75,52;170,86;481,57;0,333749003
2001;430019;1838,19;1605,57;473,29;101,52;187,86;451,57;0,358009928
2001;430020;1814,19;1603,57;402,29;71,52;277,86;454,57;0,295471978
2001;430021;1315,19;1179,57;348,29;65,52;171,86;367,57;0,35081428
2001;430022;2829,19;2556,57;770,29;128,52;418,86;675,57;0,351568703
2001;440001;1686;1538;432;71;185;444;0,327048114
2001;440002;2896,56;2537,12;770,81;129,56;442,88;606,12;0,35487876
2001;440003;1960,28;1789,66;502,71;88,21;296,93;510,95;0,330185622
2001;440004;1717,44;1537,88;403,19;71,44;190,12;487,88;0,308626161
2001;440005;1535,34;1389,66;393,54;40,9;205,28;399,99;0,312623232
2001;440006;3068,66;2742,34;869,46;80,1;488,72;704,01;0,346259034
2001;440007;4307,72;3708,34;1646,29;131,79;333,07;764,05;0,479481385
2001;450001;1351;1187;294;46;131;432;0,286436394
2001;450002;6404,46;5419,03;1976,73;192,19;722,2;1255,29;0,400241372
2001;450003;4401,54;3684,97;1247,27;172,81;470,8;871,71;0,385370844
2001;450004;2023;1700;536;57;187;500;0,348823529
2001;450005;868;783;186;30;70;290;0,275862069
2001;450006;2142;1907;694;62;248;502;0,39643419
2001;450007;378;330;60;13;63;91;0,221212121
2001;450008;481;431;155;7;40;116;0,37587007
2001;450009;679;612;162;31;68;189;0,315359477
2001;450010;1289;1088;285;36;140;405;0,295036765
2001;450011;1044;941;272;44;85;324;0,335812965
2001;450012;963;856;240;29;100;307;0,314252336
2001;450013;868;759;193;40;78;272;0,306982872
2001;461001;8626;6732;2086;496;953;1308;0,383541295
2001;461002;6933;5724;2332;288;690;866;0,457721873
2001;461003;3053;2485;1019;99;324;366;0,449899396
2001;461004;7709;6398;1894;397;1231;1435;0,35808065
2001;461005;5534;4313;1734;188;586;637;0,445629492
2001;461006;2138;1950;706;61;347;424;0,393333333
2001;461007;3303;2887;1133;77;468;473;0,419120194
2001;461009;1644;1413;468;57;228;313;0,371549894
2001;461011;6732;5596;1627;433;836;1108;0,368120086
2001;461012;8016;6437;2873;213;763;891;0,479415877
2001;461013;826;728;193;22;140;186;0,29532967
2001;461014;4770;4041;1486;117;724;790;0,396683989
2001;461016;2550;2230;715;66;626;348;0,350224215
2001;461017;5122;4518;1625;162;977;751;0,395528995
2001;461018;4524;4031;1280;163;906;823;0,357975688
2001;461019;3114;2631;800;114;591;575;0,347396427
2001;461020;3624;3256;982;135;751;674;0,343058968
2001;461021;2030;1784;482;88;323;420;0,319506726
2001;461023;9295,43;7736,84;1983,92;610,56;1394,01;1821,07;0,335341044
2001;461024;4007,57;3568,16;645,08;287,44;934,99;1034,93;0,261344783
2001;461025;5586;4706;1605;257;866;868;0,395665108
2001;461026;8359,72;7200,3;2178,52;304;1549,35;1647,62;0,344780079
2001;461028;3557,28;3157,7;747,48;128;732,65;828,38;0,277252431
2001;461029;4847;4163;1151;223;833;926;0,330050444
2001;461030;6990,91;5946,29;1815,93;277,41;1221,25;1291,45;0,352041357
2001;461031;2138,04;1864,13;436,71;87,96;418,97;501,52;0,281455692
2001;461032;667;613;122;15;164;170;0,223491028
2001;461033;3913,05;3508,59;1079,35;149,63;701,79;810,03;0,350277462
2001;461035;5511;3666;1838;99;305;402;0,528368794
2001;461036;3592;2968;1053;158;430;558;0,408018868
2001;479001;11307;9450;2768;507;1122;2474;0,346560847
2001;479002;2814;2320;944;100;197;431;0,45
2001;479003;5167;4328;1590;219;393;912;0,41797597
2001;479004;854;773;191;44;81;245;0,304010349
2001;479005;3016;2671;609;161;333;939;0,288281542
2001;479006;70;60;9;5;6;22;0,233333333
2001;479007;1755;1614;345;96;188;549;0,273234201
2001;479008;797;706;195;36;58;237;0,327195467
2001;479009;1738;1558;390;101;119;470;0,315147625
2001;479010;2736;2511;581;129;402;847;0,282755874
2001;479011;2250;1985;793;72;161;496;0,435768262
2001;479014;1043;952;299;33;63;313;0,348739496
2001;479016;1526;1368;310;104;105;427;0,302631579
2001;479017;1898;1627;514;51;138;571;0,347264905
2001;479019;2125;1893;459;85;179;622;0,287374538
2001;479021;1005;850;178;25;94;344;0,238823529
2001;479023;1147;1004;286;38;97;318;0,322709163
2001;479025;1111;958;247;24;102;320;0,282881002
2001;479027;1371;1221;312;61;135;391;0,305487305
2001;480001;2731;2334;818;81;391;571;0,385175664
2001;480002;826,29;734,45;176,75;14,21;104,08;267,58;0,260004085
2001;480003;1304,71;1137,55;267,25;55,79;164,92;383,42;0,283978726
2001;480004;1050;926;244;17;181;291;0,281857451
2001;480005;1534,92;1375,53;376,44;58,79;170,26;420,29;0,316408948
2001;480006;3591;3143;1043;106;546;857;0,365574292
2001;480007;1049,08;923,47;229,56;25,21;112,74;352,71;0,275883353
2001;480008;1001;908;239;42;132;287;0,309471366
2001;480009;1086;951;307;31;142;252;0,355415352
2001;480010;1079;945;251;27;123;318;0,294179894
2001;480011;1798;1635;405;77;320;496;0,294801223
2001;480012;1259;1144;344;48;176;341;0,342657343
2001;480013;3116;2744;912;67;494;731;0,356778426
2001;482001;926,03;775,91;186,14;36,57;80,1;239,88;0,287030712
2001;482002;1588,25;1373,84;345,35;75,86;152,18;459,17;0,306593199
2001;482003;1137,39;961,16;258,59;61,15;81,27;325,13;0,332660535
2001;482005;4227,12;3548,44;1193,88;163,3;339,82;901,9;0,382472298
2001;482006;169;143;45;8;3;45;0,370629371
2001;482007;1467,21;1265,65;379,04;61,13;122,63;399,92;0,347781772
2001;482008;694;600;160;35;54;191;0,325
2001;482010;1150;978;242;61;112;322;0,309815951
2001;492001;2618;2212;628;40;450;488;0,30198915
2001;492002;1976;1671;490;45;225;485;0,320167564
2001;492003;1134;954;283;19;123;304;0,316561845
2001;510001;2410;2034;564;47;244;721;0,300393314
2001;510002;759;653;131;21;48;271;0,232771822
2001;510003;236;208;38;3;17;81;0,197115385
2001;510004;298;273;38;3;13;146;0,15018315
2001;510005;2655;2200;638;81;220;732;0,326818182
2001;510006;2458;2026;713;70;172;523;0,386475814
2001;510007;3028,87;2523,97;686,18;118,66;229,14;872,6;0,318878592
2001;510008;2961,76;2638,57;710,12;103,13;294,28;943,43;0,308216193
2001;510009;1180;1030;246;19;40;500;0,257281553
2001;510010;2605,52;2139,5;683,49;80,28;224,01;658,52;0,356985277
2001;510011;2026,85;1788,96;495,2;55,93;194,58;614,45;0,308072847
2001;510012;365;320;55;9;27;144;0,2
2001;510013;968;839;212;25;58;297;0,282479142
2001;510014;1960;1774;496;56;153;694;0,311161218
2001;510015;536;473;134;12;35;172;0,308668076
2001;510016;361;323;69;10;35;147;0,244582043
2001;510017;342;305;66;14;20;121;0,262295082
2001;510018;1061;935;235;35;73;342;0,288770053
2001;510019;1101;961;227;34;104;357;0,271592092
2001;510020;162;139;27;3;10;52;0,215827338
2001;510021;644;596;163;20;59;219;0,30704698
2001;510022;523;463;103;13;34;198;0,250539957
2001;510024;932,57;822,53;211,46;24,56;63,02;329,53;0,286943941
2001;510025;1108,8;955,55;187,24;22,73;60,32;426,38;0,219737324
2001;510026;2732;2463;797;46;147;975;0,34226553
2001;510028;2537;2152;696;47;116;849;0,345260223
2001;510029;859;769;193;15;41;374;0,270481144
2001;510030;1048;979;258;25;51;424;0,28907048
2001;510031;469;409;127;6;15;172;0,325183374
2001;510032;448,27;401,5;80,98;6,26;14,76;202,65;0,217285181
2001;510033;952;831;157;13;23;445;0,204572804
2001;510034;472;414;94;7;25;205;0,243961353
2001;510035;705;639;149;18;39;293;0,261345853
2001;510036;1114;970;313;27;47;385;0,350515464
2001;530001;4654;4141;789;124;356;2046;0,220478145
2001;530002;1834;1612;423;45;78;752;0,290322581
2001;530003;1583;1382;415;20;67;601;0,314761216
2001;530004;722;643;91;19;30;349;0,171073095
2001;530005;755;659;140;19;20;348;0,241274659
2001;530006;7960;6771;2011;161;339;2917;0,320779796
2001;530007;1579;1377;280;17;60;693;0,215686275
2001;540001;3730,59;3178,65;1228,94;92,24;181,18;939,71;0,415641861
2001;540002;2867,59;2492,65;931,94;69,24;127,18;737,71;0,401652859
2001;540003;270,59;242,65;83,94;5,24;12,18;84,71;0,367525242
2001;540004;2232,59;2008,65;586,94;71,24;128,18;765,71;0,327672815
2001;540005;3088,59;2750,65;823,94;106,24;224,18;971,71;0,338167342
2001;540006;2598,59;2320,65;577,94;81,24;240,18;943,71;0,284049727
2001;540007;2300,59;1993,65;545,94;70,24;152,18;750,71;0,309071301
2001;540008;705,59;622,65;165,94;16,24;48,18;231,71;0,292588131
2001;540009;6703,59;5723,65;1887,94;208,24;380,18;1842,71;0,366231338
2001;540010;6535,93;5604,83;1966,9;223,79;388,59;1601,87;0,390857528
2001;540011;5920,25;4940,47;1294,98;268,68;468,76;1657,54;0,316500252
2001;540012;4349,59;3867,65;1057,94;134,24;322,18;1461,71;0,308244024
2001;540013;2566,59;2259,65;622,94;81,24;203,18;833,71;0,311632332
2001;540014;1696,59;1508,65;387,94;44,24;97,18;583,71;0,286468034
2001;540015;3601,59;3214,65;1038,94;102,24;269,18;1084,71;0,354993545
2001;540016;6039,59;5232,65;1663,94;186,24;472,18;1587,71;0,353583748
2001;540017;978,59;844,65;260,94;20,24;44,18;314,71;0,332895282
2001;550001;1597;1367;363;35;124;592;0,2911485
2001;550002;655;572;111;18;39;272;0,225524476
2001;550003;456;396;116;6;15;191;0,308080808
2001;550004;1672;1432;475;62;67;542;0,375
2001;550007;536;472;85;8;47;237;0,197033898
2001;550008;921;824;238;21;64;344;0,314320388
2001;550012;2691;2299;422;83;139;1125;0,219660722
2001;550014;983;811;132;18;47;387;0,184956843
2001;550015;653;566;93;13;26;259;0,187279152
2001;550016;711;626;82;15;23;311;0,154952077
2001;550017;1697,2;1479,45;299,76;31,27;108,68;676,62;0,22375207
2001;550018;575;508;81;18;33;243;0,19488189
2001;550019;447;387;90;13;19;190;0,266149871
2001;550021;563;456;121;12;29;212;0,291666667
2001;550023;3227;2770;695;88;214;1131;0,28267148
2001;550024;866;761;157;29;38;350;0,244415243
2001;550025;6635;5531;1614;198;504;2021;0,327608027
2001;550027;888;764;143;19;30;404;0,212041885
2001;550029;839;736;198;24;56;304;0,301630435
2001;550051;573;484;97;10;35;226;0,22107438
2001;550061;2901;2379;640;64;188;1042;0,295922657
2001;550071;545;464;70;14;33;236;0,181034483
2001;561002;10166;8321;2665;237;467;2982;0,348756159
2001;561003;2310;1810;926;35;54;350;0,530939227
2001;561004;3404;2808;1248;46;114;742;0,460826211
2001;561005;4938,16;4013,25;1786,31;80,38;136,95;972,55;0,465131751
2001;561006;5087;4290;1702;145;230;1253;0,430536131
2001;561007;3875,04;3186,23;1449,28;48,77;81,62;758,48;0,470163799
2001;561008;1316,01;1154,57;310,71;21,21;52,36;520,56;0,287483652
2001;561011;3146;2767;805;75;183;1120;0,318033972
2001;561012;2190;1963;500;39;95;945;0,274579725
2001;561015;5584;4870;1685;102;252;1745;0,366940452
2001;561016;5360;4808;1224;136;352;2225;0,282861897
2001;561017;736,91;670,96;204,01;9,67;26,38;284,03;0,318469059
2001;561020;2187,79;1924,95;610,7;36,63;93,07;806,41;0,336284059
2001;561021;2936;2379;1026;58;82;627;0,455653636
2001;561022;2612;2260;773;51;119;840;0,36460177
2001;561023;3171;2725;1122;68;110;870;0,436697248
2001;561024;2197,09;1916,04;667,99;40,33;89,62;675,97;0,36967913
2001;561025;7522,32;6568,25;1764,57;239,5;420,43;2855,99;0,305114757
2001;561028;8466;7234;2078;302;421;2828;0,329001935
2001;561032;1501;1344;373;31;68;604;0,300595238
2001;561033;2044;1820;407;42;90;906;0,246703297
2001;561035;49;39;11;1;0;22;0,307692308
2001;561038;1325;1161;221;25;38;622;0,211886305
2001;561040;2754;2391;564;94;122;1103;0,275198662
2001;563001;2181;1940;491;68;222;675;0,28814433
2001;563002;266;239;70;10;30;75;0,334728033
2001;573001;9941;8479;2444;195;687;3407;0,311239533
2001;573004;830;771;191;16;44;375;0,26848249
2001;573005;571;521;96;18;36;268;0,218809981
2001;573006;656;594;94;15;37;349;0,183501684
2001;573007;1040;933;246;24;52;432;0,289389068
2001;573008;889;814;138;22;35;475;0,196560197
2001;573009;983;890;193;25;49;469;0,24494382
2001;573010;1086;948;151;31;42;519;0,191983122
2001;573013;1733;1511;303;44;100;739;0,229649239
2001;573014;627;550;85;16;42;269;0,183636364
2001;573015;1203;1063;188;32;61;586;0,20696143
2001;573018;2706;2406;609;71;193;1064;0,282626766
2001;573019;422;383;78;7;30;186;0,221932115
2001;573022;783,92;697,84;118,75;19,79;34,75;385,89;0,198526883
2001;573023;1205;1055;211;32;42;551;0,230331754
2001;573024;510;445;37;12;32;284;0,11011236
2001;573026;1062,76;972,92;158,68;32,71;42,82;567,12;0,196717099
2001;573027;827;710;111;22;40;408;0,187323944
2001;573028;1055;953;184;18;56;532;0,211962225
2001;573030;4657;4052;668;213;210;1991;0,217423495
2001;573031;1487;1331;250;45;73;703;0,221637866
2001;573032;1450;1253;328;48;76;524;0,300079808
2001;573033;638;580;71;11;29;356;0,14137931
2001;575001;4122;3525;1103;96;227;1536;0,340141844
2001;575002;657;586;128;8;22;288;0,232081911
2001;575003;2747;2380;599;49;120;1089;0,272268908
2001;575004;892;805;137;23;38;428;0,198757764
2001;575005;936;828;134;26;39;486;0,193236715
2001;575006;438;393;82;13;26;202;0,24173028
2001;575007;2613;2252;473;70;165;1084;0,241119005
2001;575008;794;692;123;17;38;348;0,202312139
2001;575009;1754;1486;362;42;75;699;0,271870794
2001;575010;584;529;70;14;26;326;0,15879017
2001;575011;1324;1148;278;38;77;531;0,275261324
2001;575012;391;349;45;15;24;201;0,171919771
2001;575013;605;539;106;16;41;252;0,226345083
2001;575014;6600;5649;1917;191;392;2079;0,373163392
2001;575015;509;462;123;9;26;215;0,285714286
2001;575016;1436;1286;321;65;94;553;0,300155521
2001;575017;1045;929;227;35;57;389;0,282023681
2001;575018;1094;982;297;23;49;426;0,32586558
2001;575019;1554;1351;348;36;61;633;0,284233901
2001;580001;722,11;636,72;165;12,78;48,67;259,94;0,279212213
2001;580002;710,11;613,72;145;15,78;43,67;295,94;0,261976145
2001;580003;4573,11;3970,72;1209;113,78;277,67;1541,94;0,333133537
2001;580004;3131,11;2802,72;787;114,78;187,67;1076,94;0,321751727
2001;580005;1526,11;1355,72;400;40,78;71,67;501,94;0,325126132
2001;580006;726,11;636,72;89;28,78;27,67;327,94;0,184979269
2001;580007;1590,11;1351,72;324;45,78;88,67;611,94;0,273562572
2001;580008;1723,11;1524,72;390;47,78;119,67;600,94;0,28712157
2001;580009;1734,11;1489,72;315;63,78;116,67;646,94;0,254262546
2001;580010;1001,11;859,72;191;32,78;49,67;378,94;0,260294049
2001;580011;2153,11;1782,72;308;46,78;82,67;847,94;0,199010501
2001;580012;2291,11;1945,72;510;67,78;132,67;799,94;0,296949201
2001;580013;1729,11;1503,72;343;56,78;131,67;647,94;0,265860666
2001;580014;3202,11;2698,72;570;77,78;286,67;1088,94;0,240032312
2001;580015;4013,11;3368,72;860;89,78;281,67;1392,94;0,281940915
2001;580016;7241,11;6142,72;1707;255,78;515,67;2094,94;0,319529459
2001;580017;3245,11;2783,72;976;106,78;167,67;864,94;0,388968718
2001;580018;2103,11;1751,72;610;81,78;94,67;502,94;0,394914712
2001;607001;10815,21;9044,09;3567,97;254,6;627,76;2156,6;0,422659438
2001;607002;1095;1002;259;38;74;376;0,296407186
2001;607003;7124;6428;1818;241;587;2334;0,320317362
2001;607004;565;496;115;17;41;203;0,266129032
2001;607005;3588;3217;848;130;318;1221;0,304009947
2001;607006;6902;5615;2231;144;361;1404;0,422974176
2001;607007;1272;1168;334;50;103;455;0,328767123
2001;607008;4985,79;3862,91;1287,03;143,4;301,24;989,4;0,370298557
2001;615001;4503;3746;1593;103;246;761;0,4527496
2001;615002;4181;3350;1415;105;176;696;0,453731343
2001;615003;7154;5790;1815;247;591;1693;0,356131261
2001;615004;136;126;35;5;13;41;0,317460317
2001;615005;4155;3525;1306;153;269;824;0,413900709
2001;615006;7064,57;6347,14;2040,18;244,63;548,86;2105,26;0,359974729
2001;615007;3634;3297;1001;120;289;1066;0,340006066
2001;615008;1271;1145;317;42;83;482;0,313537118
2001;615009;1485;1321;333;41;79;558;0,283118849
2001;615010;1674;1520;418;47;103;579;0,305921053
2001;615011;3899;3670;673;222;532;1559;0,24386921
2001;615012;1945,43;1747,86;561,82;67,37;151,14;579,74;0,359977344
2001;615013;3314;2807;660;130;210;1099;0,281439259
2001;615014;1225;1110;210;41;79;481;0,226126126
2001;615015;680,95;604;129,01;15,54;34,73;247,52;0,239321192
2001;615016;2176;1940;431;90;120;815;0,268556701
2001;615017;1641;1452;362;71;99;556;0,298209366
2001;615018;2114;1903;488;63;143;719;0,289542827
2001;615019;1286;1156;289;49;76;480;0,292387543
2001;615020;524;482;87;29;23;186;0,2406639
2001;615021;1207;929;434;31;51;165;0,500538213
2001;615022;375;328;100;14;31;122;0,347560976
2001;621001;5702,19;4554,63;966,52;297,77;463,97;1665,94;0,27758347
2001;621002;3747;2945;971;140;141;738;0,377249576
2001;621003;4180;3628;1205;178;188;1020;0,381201764
2001;621004;5097;4636;792;278;546;2100;0,230802416
2001;621005;3801;3371;828;152;287;1309;0,290714921
2001;621006;2758;2468;492;84;202;1065;0,233387358
2001;621007;3836;3373;791;117;262;1370;0,269196561
2001;621008;4444,25;3731,07;1020,19;142,99;288,39;1266,52;0,311755073
2001;621009;6475,81;5345,37;1429,48;276,23;344,03;1644,06;0,319100455
2001;621010;4274;3813;1101;146;228;1173;0,327039077
2001;621011;2968,11;2492,81;681,07;95,86;192,59;846,14;0,311668358
2001;621012;3246,64;2909,12;687,74;168,14;207,02;993,34;0,294205808
2001;621013;1778;1573;416;76;116;566;0,312778131
2001;621014;5202;4528;1277;136;391;1637;0,312058304
2001;621015;5245,16;4520,97;1104,56;175,19;371,22;1710,82;0,283069784
2001;630001;1946;1561;537;57;113;397;0,380525304
2001;630002;3145;2739;810;86;224;880;0,327126689
2001;630003;1393;1276;350;32;114;443;0,299373041
2001;630004;1649;1465;338;52;93;577;0,266211604
2001;630005;1309;1192;269;57;91;442;0,273489933
2001;630006;2527;2189;424;107;186;958;0,242576519
2001;630007;681;635;146;22;47;247;0,264566929
2001;630008;1429;1274;269;54;135;495;0,253532182
2001;630009;10459,27;8435,52;2668,02;336,65;643,31;2346,85;0,356192624
2001;630010;897;826;178;39;65;307;0,262711864
2001;630011;3599;3244;769;147;350;1262;0,282367448
2001;630012;2520;2305;451;132;297;912;0,252928416
2001;630013;2973,22;2504,7;862,01;106,16;183,1;598,94;0,386541302
2001;630014;2172,51;1792,78;702,96;71,19;117,59;405,2;0,431815393
2001;630015;2753;2252;774;87;149;621;0,382326821
2001;630016;1233;1139;287;39;120;427;0,286215979
2001;630017;4241;3603;657;117;235;1739;0,214820983
2001;630018;1698;1487;255;45;82;673;0,201748487
2001;630019;972;840;150;20;65;392;0,202380952
2001;630020;919;803;129;23;50;384;0,189290162
2001;630021;848;761;88;29;31;394;0,153745072
2001;630022;380;353;54;10;22;199;0,181303116
2001;630023;1214;1087;188;28;59;523;0,198712052
2001;630024;2644;2417;555;204;199;752;0,314025652
2001;630025;1376;1223;210;32;60;561;0,19787408
2001;630026;960;874;223;34;60;320;0,294050343
2001;630027;1534;1359;267;48;105;589;0,231788079
2001;630028;1249;1125;142;48;95;566;0,168888889
2001;630029;1189;1074;204;53;84;429;0,239292365
2001;630030;4007;3421;1140;138;240;856;0,373574978
2001;630031;759;675;153;34;60;267;0,277037037
2001;630032;5750;5222;1250;248;637;1940;0,286863271
2001;630033;1656;1431;448;61;126;395;0,355695318
2001;630034;2825;2479;779;114;198;750;0,360225898
2001;657001;19487;16490;4888;664;1000;6046;0,336688902
2001;657002;1054;905;251;22;41;365;0,301657459
2001;657005;2357;2077;404;75;152;965;0,230621088
2001;657006;771;675;188;18;31;229;0,305185185
2001;657007;3527;3245;735;130;161;1534;0,266563945
2001;657008;1849;1629;378;44;79;714;0,259054635
2001;657009;771;687;85;16;39;335;0,147016012
2001;657011;578;520;122;25;25;203;0,282692308
2001;657013;2851;2569;443;53;382;1026;0,193071234
2001;657014;611;509;117;10;34;223;0,249508841
2001;657015;1090;898;352;38;27;227;0,434298441
2001;657016;930;848;147;27;55;374;0,205188679
2001;657017;5718;5157;1158;190;382;2373;0,261392282
2001;657018;547;499;54;8;46;260;0,124248497
2001;657019;731;652;151;26;38;318;0,271472393
2001;657020;365;307;35;18;14;154;0,172638436
2001;657021;658;611;104;25;24;294;0,211129296
2001;657022;718;656;140;17;35;257;0,239329268
2001;657023;3225;2962;721;94;170;1311;0,275151924
2001;657024;3115;2813;594;66;170;1392;0,234624956
2001;657025;934;829;134;21;37;385;0,186972256
2001;657026;3522;3212;885;110;162;1255;0,309775841
2001;657027;2852;2577;548;76;131;1248;0,242142026
2001;657028;372;336;76;11;17;153;0,258928571
2001;657029;1139;1037;177;24;46;512;0,193828351
2001;657030;889;787;132;21;32;396;0,194409149
2001;661001;13994;12154;3277;581;681;4891;0,317426362
2001;661002;2586;2416;576;129;127;1070;0,291804636
2001;661003;1639;1451;265;42;58;773;0,211578222
2001;661004;1999;1849;402;64;119;948;0,252028123
2001;661005;10248;8891;2870;400;449;3107;0,36778765
2001;661006;4333;3766;946;190;224;1483;0,301646309
2001;661007;1626;1472;252;66;116;669;0,216032609
2001;661008;2548;2199;501;67;100;1015;0,258299227
2001;661009;1580;1398;317;45;78;679;0,258941345
2001;661010;1087;919;217;36;42;409;0,275299238
2001;665001;5584;4738;1181;183;364;1769;0,287885184
2001;665002;2268;2045;384;105;121;780;0,239119804
2001;665003;1793;1574;324;59;93;676;0,243329098
2001;665004;1803;1568;280;76;71;704;0,227040816
2001;665005;1210;1021;143;22;31;551;0,161606268
2001;665006;1154;1031;141;31;29;552;0,166828322
2001;665007;1939;1551;407;37;80;591;0,286266925
2001;665008;1659;1456;407;42;77;537;0,308379121
2001;671001;6808;5813;2124;164;403;1737;0,39360055
2001;671002;1767;1578;497;48;120;518;0,345373891
2001;671003;1305;1177;289;27;61;539;0,268479184
2001;671004;1391;1236;376;38;48;520;0,334951456
2001;671005;1317;1201;356;57;103;419;0,3438801
2001;671006;1752;1586;252;42;79;828;0,185372005
2001;671007;2746;2404;614;81;270;822;0,289101498
2001;706001;6500;5575;1494;227;514;2012;0,308699552
2001;706002;2931;2529;620;94;141;959;0,28232503
2001;706003;1845;1559;470;43;124;524;0,329057088
2001;706004;2369,46;2032,4;607,47;62,97;153,29;750,34;0,329876009
2001;706005;3345,54;2918,6;1052,53;99,03;195,71;903,66;0,394559035
2001;706006;4853,65;4255,59;1238,25;175;415,71;1440,04;0,332092612
2001;706007;2589,35;2267,41;660,75;81;149,29;803,96;0,327135366
2001;706008;4980;4437;1226;254;354;1579;0,333558711
2001;707001;7569;6471;2161;211;510;2258;0,366558492
2001;707002;131;114;29;4;8;32;0,289473684
2001;707003;2083,72;1807,95;551,46;50,17;120,96;656,09;0,332769158
2001;707004;5326,28;4400,05;1704,54;123,83;259,04;1250,91;0,415533914
2001;707005;3076;2669;716;97;192;879;0,304608468
2001;707006;1762;1482;398;35;91;594;0,29217274
2001;707007;2617;2155;703;79;132;747;0,36287703
2001;707008;1953;1627;616;46;83;471;0,406883835
2001;707009;2949,09;2564,44;868,48;77,24;165,78;904,92;0,368782268
2001;707010;1455,91;1254,56;347,52;67,76;84,22;482,08;0,331016452
2001;710001;3836,07;3350,14;953,43;159,07;293,57;1238,5;0,332075674
2001;710002;2715,07;2421,14;736,43;87,07;180,57;877,5;0,34012903
2001;710003;1528,07;1377,14;381,43;46,07;123,57;531,5;0,310425955
2001;710004;4847,07;4286,14;1369,43;199,07;376,57;1475,5;0,365946983
2001;710005;694,07;625,14;184,43;24,07;49,57;223,5;0,33352529
2001;710006;2929,07;2656,14;754,43;163,07;175,57;911,5;0,345426069
2001;710007;2898,07;2670,14;749,43;117,07;218,57;940,5;0,324514819
2001;710008;1235,07;1124,14;329,43;57,07;72,57;376,5;0,343818386
2001;710009;3224,07;2780,14;810,43;97,07;186,57;1133,5;0,32642241
2001;710010;2168,07;1893,14;514,43;62,07;106,57;819,5;0,304520532
2001;710011;1701,07;1498,14;467,43;63,07;96,57;531,5;0,354105758
2001;710012;1828,07;1718,14;498,43;78,07;146,57;608,5;0,335537267
2001;710013;1063,07;946,14;251,43;27,07;106,57;344,5;0,294353901
2001;710014;192,07;175,14;46,43;8,07;13,57;66,5;0,311179628
2001;727001;8378;7226;2323;332;662;2392;0,367423194
2001;727002;353;310;89;12;17;131;0,325806452
2001;727003;1125;1029;276;45;99;390;0,311953353
2001;727004;952;868;235;46;66;325;0,323732719
2001;727005;1266;1163;416;38;75;364;0,390369733
2001;727006;863;745;234;36;35;259;0,362416107
2001;727007;966;843;267;32;47;305;0,354685647
2001;727008;995;891;201;52;56;355;0,283950617
2001;727009;121;114;15;4;5;58;0,166666667
2001;727010;81;76;27;8;12;16;0,460526316
2001;730001;2231,5;1978,03;778,47;72,13;97,17;600,77;0,430023812
2001;730002;1630,5;1481,03;397,47;38,13;127,17;592,77;0,294119633
2001;730004;669,5;612,03;170,47;28,13;36,17;237,77;0,324493897
2001;730005;1282,5;1109,03;358,47;35,13;53,17;433,77;0,354904737
2001;730006;1036,5;893,03;282,47;23,13;34,17;335,77;0,342205749
2001;730007;1128,5;981,03;350,47;22,13;67,17;349,77;0,379804899
2001;730008;1834,5;1647,03;532,47;61,13;88,17;621,77;0,360406307
2001;730009;1236,5;1093,03;357,47;35,13;68,17;381,77;0,359185018
2001;730010;1185,5;1043,03;315,47;26,13;72,17;341,77;0,327507358
2001;730011;3263,5;2834,03;1085,47;109,13;251,17;734,77;0,421519885
2001;730012;1618,93;1422,08;465,42;48,47;128,69;509,9;0,361365043
2001;730013;2406,5;2229,03;570,47;92,13;292,17;823,77;0,297259346
2001;730014;1873,5;1673,03;583,47;59,13;100,17;593,77;0,384093531
2001;730015;705,5;623,03;187,47;10,13;30,17;225,77;0,317159687
2001;730016;875,5;752,03;195,47;25,13;42,17;299,77;0,293339361
2001;730017;839,5;733,03;227,47;30,13;63,17;239,77;0,351418087
2001;730021;1782,5;1598,03;497,47;47,13;133,17;589,77;0,340794603
2001;730024;3997,5;3159,03;1200,47;140,13;234,17;735,77;0,424370772
2001;730025;3298,5;2690,03;906,47;116,13;230,17;745,77;0,380144459
2001;730026;4454,5;3755,03;1622,47;115,13;241,17;847,77;0,462739312
2001;730027;3929,5;3152,03;1541,47;72,13;158,17;529,77;0,511924062
2001;730028;3925,5;3076,03;932,47;118,13;312,17;887,77;0,341544133
2001;730029;5306,07;4577,99;1688,51;181,8;413,65;1288,63;0,408543924
2001;730030;3323,5;2713,03;1208,47;97,13;172,17;533,77;0,48123316
2001;730031;5971,5;5149,03;1956,47;189,13;415,17;1374,77;0,416699844
2001;730032;3243,34;2817,76;1002,06;101,38;223,97;799,69;0,39160184
2001;730033;1180,5;1043,03;289,47;33,13;60,17;415,77;0,3092912
2001;730034;2236,66;1943,3;690,87;69,89;154,36;551,84;0,391478413
2001;730036;2348,5;2127,03;542,47;62,13;189,17;986,77;0,284246108
2001;730037;783,5;703,03;224,47;20,13;48,17;241,77;0,347922564
2001;740001;2325;2083;501;64;87;954;0,271243399
2001;740002;1601;1433;358;58;127;515;0,29030007
2001;740003;1474;1259;346;39;80;506;0,305798253
2001;740004;1372;1198;299;49;92;474;0,29048414
2001;740005;849;763;149;33;54;330;0,23853211
2001;740006;3605;3140;959;129;249;1079;0,346496815
2001;740007;3903;3443;1074;144;220;1327;0,353761255
2001;740008;862;781;180;17;41;328;0,252240717
2001;740009;1020;883;202;32;59;370;0,265005663
2001;740010;1127;1025;246;53;91;363;0,291707317
2001;740011;1294;1146;336;44;103;398;0,331588133
2001;740012;638;595;113;31;38;284;0,242016807
2001;740013;2698;2489;562;138;309;866;0,281237445
2001;740014;809;706;186;17;31;343;0,287535411
2001;740015;997;883;244;34;51;318;0,314835787
2001;740016;2218;1949;463;71;95;862;0,27398666
2001;740017;1004;882;198;21;44;384;0,24829932
2001;740018;1004;912;227;43;74;334;0,296052632
2001;740021;2916,62;2675,7;744,51;107,71;258,88;1034,57;0,318503569
2001;740022;1503;1260;292;54;92;487;0,274603175
2001;740023;2807,44;2518,43;634,59;117,51;243,75;979,07;0,298638437
2001;740024;680;635;103;23;52;275;0,198425197
2001;740025;373;311;86;17;12;101;0,331189711
2001;740026;1649;1403;642;66;93;240;0,504632929
2001;740027;1351,03;1210,12;259,99;53,73;146;500,93;0,259247017
2001;740028;3463,91;3076,75;945,9;140,05;279,37;966,43;0,352953604
2001;740029;5234;4335;1649;169;304;1165;0,419377163
2001;740030;2376;2051;524;72;179;757;0,290589956
2001;740031;7108;6050;1770;312;621;1859;0,344132231
2001;740032;2250;2078;473;91;250;854;0,271414822
2001;741001;2930;2489;762;98;237;835;0,345520289
2001;741002;402;345;109;23;25;105;0,382608696
2001;746001;1666;1484,17;331,17;62,25;98,25;622,25;0,265077451
2001;746002;3664;3312,17;1033,17;124,25;247,25;1212,25;0,349444624
2001;746003;1151;1063,17;270,17;68,25;68,25;371,25;0,318312217
2001;746004;5089;4620,17;1433,17;169,25;393,25;1702,25;0,346831394
2001;746005;2175,33;1954,04;527,06;86,89;99,52;770,62;0,314195206
2001;746006;6899,38;5835,19;1934,32;242,19;440,86;1919,78;0,37299728
2001;746007;3812,52;3362,7;903,71;165,62;306,48;1360,1;0,317997443
2001;746008;4414,96;4038,45;1078,3;272,93;274,51;1406,49;0,334591242
2001;746009;2544;2312,17;738,17;57,25;144,25;800,25;0,344014497
2001;746010;2981,78;2728,61;773,93;116,16;228,71;1047,22;0,326206383
2001;746011;1503,08;1393,01;368,65;52,17;92,68;531,77;0,302094027
2001;746012;1522;1380,17;337,17;48,25;98,25;576,25;0,279255454
2001;751001;14611,26;12774,45;3769,72;1227,4;1161,14;3642,81;0,391180834
2001;751002;4503,74;3880,55;1389,28;297,6;282,86;967,19;0,434701267
2001;751003;6123;5328;1836;269;417;1437;0,395082583
2001;751004;4151;3661;1214;251;352;929;0,40016389
2001;751006;5805;5242;2094;170;402;1447;0,431896223
2001;751007;5307;4750;1596;301;455;1226;0,399368421
2001;751008;8203;7012;2607;366;520;1691;0,42398745
2001;751009;3152;2803;792;172;220;928;0,343917232
2001;751011;3125;2798;908;155;200;858;0,379914224
2001;751012;2709;2516;734;196;188;747;0,36963434
2001;751013;3343;3037;887;113;229;1139;0,329272308
2001;751016;411;374;89;21;25;122;0,294117647
2001;751018;3862;3476;1172;123;250;1121;0,372554661
2001;751019;2608;2361;749;129;167;630;0,371876324
2001;751021;11178;9022;2615;1064;759;2277;0,40778098
2001;751022;3098;2799;932;223;194;657;0,412647374
2001;751023;5209;4466;1554;300;325;1073;0,415136588
2001;751024;4995;4464;1312;247;429;1358;0,349238351
2001;751025;5515;4184;1649;293;183;658;0,46414914
2001;751026;4860;4345;1360;231;309;1234;0,366168009
2001;751028;4713;3877;1470;147;220;1030;0,417075058
2001;751030;2788;2545;801;96;194;855;0,352455796
2001;751031;514;464;146;31;23;128;0,381465517
2001;751033;1941;1737;568;57;136;542;0,359815774
2001;751041;11901;10519;3126;1390;732;2188;0,429318376
2001;751042;9333;8245;2684;876;581;1878;0,431776834
2001;751043;8892;7619;2621;663;562;1800;0,431027694
2001;751044;1106;874;261;53;57;234;0,359267735
2001;751045;7393;6807;1659;575;880;2314;0,328191568
2001;751047;6897;6142;2020;287;520;1891;0,37561055
2001;751048;1942;1755;623;121;92;402;0,423931624
2001;751049;3557;3225;831;163;397;1147;0,308217054
2001;751050;3572;3251;809;134;415;1228;0,290064596
2001;751051;4340;3902;1069;210;341;1364;0,327780625
2001;751053;2002;1702;623;68;94;468;0,405992949
2001;751055;607;548;177;21;45;184;0,361313869
2001;751056;1330;1184;350;44;57;468;0,33277027
2001;751061;7355;6275;2155;562;412;1423;0,432988048
2001;751062;2766;2279;1044;76;103;406;0,491443616
2001;751063;8938;7506;3100;526;417;1383;0,483080203
2001;751064;4898;4262;1669;257;281;793;0,451900516
2001;751065;5184;4791;1540;337;463;1304;0,391776247
2001;751066;4402;3904;830;234;502;1560;0,272540984
2001;751067;4060;3586;1197;333;249;845;0,42665923
2001;751068;3140;2664;1277;105;91;389;0,518768769
2001;756001;1801;1565;322;41;92;628;0,231948882
2001;756002;414;375;75;6;16;163;0,216
2001;756003;1906;1598;396;52;103;517;0,280350438
2001;756004;434;364;116;12;17;115;0,351648352
2001;756005;816;703;127;29;46;277;0,221906117
2001;756006;388;343;82;9;13;130;0,265306122
2001;756007;5088;4343;1023;137;243;1704;0,267096477
2001;756008;729;635;99;15;30;264;0,179527559
2001;756009;349;309;51;16;22;156;0,216828479
2001;756010;248;231;31;4;14;111;0,151515152
2001;756011;11209;9787;2441;285;745;4102;0,278532748
2001;756012;729;684;108;11;43;342;0,173976608
2001;756013;2303;2061;462;42;104;996;0,244541485
2001;756014;290;266;36;2;11;150;0,142857143
2001;756015;1659;1493;503;52;58;531;0,371734762
2001;760001;3933;3433;924;86;234;1327;0,294203321
2001;760002;1099;990;168;17;68;545;0,186868687
2001;760003;513;455;71;6;25;252;0,169230769
2001;760005;799;717;99;18;37;368;0,163179916
2001;760008;682;607;125;10;21;286;0,222405272
2001;760009;1048;892;194;15;49;356;0,234304933
2001;760010;2771;2248;335;69;194;1007;0,179715302
2001;760012;903;825;168;35;42;389;0,246060606
2001;760013;677;622;82;31;31;388;0,181672026
2001;760014;6440;5589;1504;243;365;2158;0,312578279
2001;760016;1177;1050;190;31;47;536;0,21047619
2001;760019;692;614;78;10;31;392;0,143322476
2001;760020;592;536;74;20;20;326;0,175373134
2001;760021;1106;960;258;33;61;422;0,303125
2001;760022;1227;1085;224;33;58;555;0,236866359
2001;760024;5760;4966;1266;113;364;1937;0,27768828
2001;760025;981;869;146;9;41;493;0,178365938
2001;760026;626;563;59;7;29;310;0,11722913
2001;760027;1346;1249;147;24;62;643;0,136909528
2001;760028;919;824;138;13;56;403;0,183252427
2001;760030;3505;3114;603;81;182;1400;0,219653179
2001;760031;547;490;64;12;22;234;0,155102041
2001;760032;625;558;157;5;23;212;0,290322581
2001;760033;1881;1702;271;38;71;767;0,181551116
2001;760035;2231;2007;274;56;121;1061;0,164424514
2001;766001;4853;4286;1023;161;336;1701;0,27624825
2001;766002;2946;2568;799;90;142;810;0,346183801
2001;766003;1488;1358;235;32;61;594;0,196612666
2001;766004;1075;989;200;39;68;431;0,241658241
2001;766005;453;405;73;13;18;162;0,212345679
2001;766006;985;885;255;35;68;318;0,327683616
2001;766007;3067;2677;651;98;316;1101;0,279790811
2001;766008;526;470;100;24;32;212;0,263829787
2001;766010;1308;1176;329;39;83;456;0,31292517
2001;766011;1061;938;228;23;65;403;0,267590618
2001;766012;1342;1198;309;26;69;561;0,279632721
2001;766013;1255;1131;229;37;76;477;0,235190097
2001;766014;1233;1085;286;23;85;404;0,284792627
2001;766015;1644;1489;324;62;122;645;0,259234385
2001;766016;90;85;10;8;7;33;0,211764706
2001;766017;973;862;192;39;50;347;0,267981439
2001;766018;408;365;56;8;15;170;0,175342466
2001;766019;597;525;94;29;28;220;0,234285714
2001;766020;1229;1113;277;31;61;483;0,27672956
2001;766021;2045;1745;372;53;143;709;0,243553009
2001;766022;1113;954;216;35;61;407;0,263102725
2001;766023;566;499;98;22;23;215;0,240480962
2001;766024;747;664;157;19;40;271;0,265060241
2001;766025;344;310;44;10;14;155;0,174193548
2001;773001;788;667;256;29;25;163;0,427286357
2001;773002;637;558;180;19;27;177;0,356630824
2001;773003;341;295;67;18;3;124;0,288135593
2001;773004;475;428;143;13;26;139;0,364485981
2001;773005;390;330;88;6;17;133;0,284848485
2001;773006;345;309;64;15;19;123;0,25566343
2001;773007;749;661;183;23;23;276;0,311649017
2001;773008;550;481;155;12;30;175;0,347193347
2001;773009;740;665;206;27;30;250;0,35037594
2001;773010;542;476;149;9;19;185;0,331932773
2001;773011;531;474;144;13;15;175;0,331223629
2001;773012;698;636;178;23;41;238;0,316037736
2001;773013;668;597;159;24;24;251;0,306532663
2001;773014;796;694;166;20;36;297;0,268011527
2001;773015;527;466;121;10;15;182;0,28111588
2001;773016;561;474;113;14;31;196;0,267932489
2001;773017;666;562;181;12;20;186;0,34341637
2001;773018;7365;6126;2552;172;463;1608;0,444662096
2001;779001;6355;5291;1784;264;516;1456;0,387072387
2001;779002;4802;4156;1267;224;546;1221;0,358758422
2001;779003;5107;4378;1709;200;336;1080;0,436043856
2001;779004;2848;2556;816;99;179;917;0,357981221
2001;779005;1084;982;191;58;55;425;0,253564155
2001;779006;642;571;139;30;59;193;0,295971979
2001;779007;759;669;194;49;45;250;0,3632287
2001;779008;607;531;161;40;38;171;0,378531073
2001;779009;744;654;217;54;22;237;0,414373089
2001;779010;1149;1022;319;72;63;333;0,38258317
2001;779011;1534;1340;469;65;107;432;0,398507463
2001;779012;1263;1074;295;62;85;399;0,332402235
2001;779013;1827;1595;500;72;77;661;0,35862069
2001;779014;1335;1172;421;53;79;394;0,40443686
2001;779015;1351;1187;395;87;61;435;0,406065712
2001;779016;1508;1349;377;83;84;566;0,340993328
2001;779017;656;590;185;40;22;227;0,381355932
2001;779018;1332;1135;337;58;54;426;0,348017621
2001;779019;795;680;222;63;24;225;0,419117647
2001;779020;724;624;120;35;47;251;0,248397436
2001;787001;7087,12;5951,73;2222,27;178,58;585,04;1638;0,403386914
2001;787002;1123,12;968,73;293,27;30,58;69,04;321;0,334303676
2001;787003;891,12;780,73;178,27;22,58;62,04;350;0,257259232
2001;787004;957,12;814,73;229,27;36,58;68,04;247;0,32630442
2001;787005;652,12;574,73;190,27;7,58;31,04;188;0,344248604
2001;787006;1334,12;1177,73;252,27;31,58;94,04;507;0,241014494
2001;787007;1017,12;918,73;236,27;35,58;89,04;380;0,295897598
2001;787008;1194,12;1052,73;315,27;40,58;75,04;392;0,338025895
2001;787009;612,12;539,73;105,27;23,58;41,04;196;0,238730476
2001;787010;1703,12;1468,73;451,27;40,58;119,04;410;0,334881156
2001;787011;424,12;373,73;64,27;10,58;26,04;133;0,200278276
2001;787012;3162,12;2800,73;930,27;103,58;256,04;870;0,369135904
2001;787013;428,12;376,73;82,27;11,58;25,04;117;0,249117405
2001;787014;552,12;501,73;101,27;18,58;39,04;224;0,238873498
2001;787015;1079,12;922,73;233,27;26,58;52,04;385;0,281610005
2001;787016;1005,12;847,73;198,27;18,58;47,04;389;0,255800786
2001;787017;89,12;73,73;20,27;2,58;6,04;26;0,309914553
2001;787018;940,12;810,73;183,27;18,58;64,04;341;0,248973148
2001;787019;89,12;73,73;20,27;2,58;6,04;26;0,309914553
2001;787020;933,12;781,73;229,27;22,58;58,04;261;0,322170059
2001;787021;333,12;280,73;62,27;10,58;18,04;110;0,259502013
2001;787023;1890,12;1606,73;401,27;58,58;123,04;607;0,286202411
2001;787024;2749,12;2294,73;650,27;71,58;277,04;836;0,314568598
2001;787025;1559,12;1338,73;324,27;36,58;136,04;470;0,26954651
2001;787026;1647,12;1414,73;371,27;34,58;127,04;489;0,286874527
2001;787027;1177,12;1017,73;236,27;36,58;91,04;376;0,268096646
2001;791001;2433;2140;640;69;111;812;0,331308411
2001;791002;2218,85;1993,54;508,86;109,79;170,5;794,01;0,310327357
2001;791003;2613;2299;701;56;168;851;0,329273597
2001;791004;2325;2072;488;64;134;1021;0,266409266
2001;791005;1796;1587;445;86;93;633;0,334593573
2001;791006;2312;2014;483;132;136;835;0,305362463
2001;791007;1759;1563;386;95;98;624;0,307741523
2001;791008;19980,26;16946,24;5680,31;668,8;1257,86;6103,92;0,374661872
2001;791009;5121;4421;1137;174;354;1884;0,296539245
2001;791010;2172;1885;547;75;125;699;0,329973475
2001;791011;1801,85;1600,73;382,48;56,88;86,52;719;0,274474771
2001;791012;3209,64;2801,38;610;73,04;177,19;1321,64;0,243822687
2001;791013;7915,9;6995,22;1940,83;315,41;598,64;2794,07;0,322540249
2001;791014;2309,15;2075,27;494,52;80,12;108,48;976;0,27689891
2001;791015;2567;2268;612;86;147;930;0,307760141
2001;791016;2714;2459;608;71;159;1187;0,276128508
2001;791017;2322;2077;442;85;124;923;0,253731343
2001;810001;724;626;164;30;53;229;0,309904153
2001;810002;1579;1310;416;43;137;339;0,350381679
2001;810003;3786,45;3336;872,8;154,85;403,45;1118,94;0,308048561
2001;810004;1082;880;224;20;102;335;0,277272727
2001;810005;2726,55;2433;817,2;87,15;278,55;828,06;0,371701603
2001;810006;1533;1380;399;46;115;527;0,322463768
2001;810010;9339,98;7977,13;2750,39;260,01;985,44;2351,79;0,377378832
2001;810034;519;451;119;18;46;171;0,303769401
2001;810040;957,02;856,87;225,61;28,99;91,56;329,21;0,297127919
2001;810050;1169;1000;325;34;112;319;0,359
2001;810056;533;467;147;11;41;178;0,338329764
2001;810070;2006;1713;382;70;224;620;0,263864565
2001;810080;674;606;156;17;53;241;0,285478548
2001;813001;8084,41;6564,09;2185,36;236,68;838,09;1955,73;0,368983363
2001;813002;247,41;216,09;49,36;9,68;24,09;66,73;0,273219492
2001;813003;1623,41;1364,09;392,36;50,68;167,09;433,73;0,324787954
2001;813004;896,41;789,09;250,36;19,68;92,09;219,73;0,342216984
2001;813005;675,31;590;177,78;19,13;58,64;171,8;0,333745763
2001;813006;846,51;740,18;224,95;24,23;72,54;215,65;0,336647842
2001;813007;4654,41;3978,09;1551,36;91,68;446,09;888,73;0,41302233
2001;813008;8650,15;6967,18;2503,57;162,32;728,71;1804,21;0,382635442
2001;813009;6108,41;5043,09;1765,36;137,68;576,09;1315,73;0,377355946
2001;813010;1674,41;1479,09;388,36;33,68;146,09;541,73;0,285337606
2001;813011;1505,67;1385;290,16;43,05;181,48;574,25;0,240584838
2001;813012;6848,41;5739,09;1747,36;213,68;976,09;1643,73;0,341698771
2001;813013;479,41;414,09;88,36;16,68;41,09;152,73;0,253664662
2001;813014;1064,41;877,09;215,36;20,68;130,09;302,73;0,269117194
2001;813015;805,41;676,09;207,36;22,68;64,09;222,73;0,340250558
2001;813016;535,41;462,09;126,36;8,68;63,09;149,73;0,292237443
2001;813017;784,41;631,09;186,36;13,68;72,09;222,73;0,316975392
2001;813018;532,41;476,09;88,36;19,68;57,09;179,73;0,226931883
2001;813019;719,41;611,09;176,36;15,68;57,09;219,73;0,314258129
2001;813020;738,41;619,09;162,36;16,68;92,09;193,73;0,289198663
2001;813021;1539,41;1296,09;323,36;32,68;116,09;467,73;0,274703146
2001;813022;525,41;466,09;113,36;8,68;63,09;150,73;0,261837842
2001;820001;3358,29;2811,27;686,71;77,39;173,31;1235,43;0,271798867
2001;820002;3741,93;3164,64;685,71;113,43;263,5;1396,07;0,252521614
2001;820003;646,93;570,64;107,71;26,43;45,5;235,07;0,235069396
2001;820004;6386,93;5436,64;1381,71;213,43;592,5;2218,07;0,293405486
2001;820005;1337,93;1177,64;318,71;37,43;109,5;488,07;0,302418396
2001;820006;961,93;800,64;163,71;30,43;59,5;375,07;0,242481015
2001;820007;1595,93;1364,64;413,71;39,43;72,5;527,07;0,332058272
2001;820008;1435,93;1222,64;291,71;50,43;133,5;525,07;0,279837074
2001;820009;900,93;789,64;158,71;32,43;57,5;389,07;0,242059673
2001;820010;3817,93;3123,64;960,71;106,43;207,5;1305,07;0,341633479
2001;820011;1719,93;1440,64;358,71;88,43;72,5;558,07;0,310375944
2001;820012;1202,93;1002,64;211,71;27,43;35,5;527,07;0,238510333
2001;820013;824,93;679,64;127,71;26,43;24,5;354,07;0,226796539
2001;820014;672,93;583,64;126,71;23,43;47,5;256,07;0,257247618
2001;825015;1759;1493;387;59;129;536;0,298727395
2001;840001;5171;4533;1280;148;370;1861;0,315023163
2001;840002;2925;2642;791;189;202;842;0,370931113
2001;840003;1771;1512;512;48;82;554;0,37037037
2001;840004;2033;1789;458;63;119;789;0,291224148
2001;840005;2300;2000;509;92;178;848;0,3005
2001;840006;1000;833;220;33;53;361;0,303721489
2001;840007;1422;1250;260;72;108;541;0,2656
2001;840008;1358;1168;427;41;85;388;0,400684932
2001;840009;745;626;194;17;58;229;0,337060703
2001;840010;1238;1085;384;33;66;369;0,384331797
2001;840011;560;500;86;22;28;257;0,216
2001;846002;1909;1635;598;43;127;468;0,39204893
2001;846003;3056;2579;609;108;220;929;0,278014734
2001;846004;2764;2371;1122;59;124;716;0,498102067
2001;846008;1527;1354;448;30;62;565;0,353028065
2001;846009;1837;1585;527;37;83;645;0,355835962
2001;846011;5197;4432;1570;144;286;1587;0,386732852
2001;846014;998;860;295;34;60;315;0,38255814
2001;846018;1963;1683;591;47;110;641;0,379084967
2001;846020;2431;2218;589;76;154;973;0,299819657
2001;846022;1630;1427;372;63;79;587;0,304835319
2001;846027;7607;6376;2133;254;575;2153;0,374372647
2001;849001;3902;3428;1016;127;316;1247;0,333430572
2001;849002;1498;1325;501;24;98;435;0,396226415
2001;849003;1061;961;362;37;91;315;0,415192508
2001;849004;1047;913;314;28;79;295;0,374589266
2001;849005;894;802;206;29;56;353;0,293017456
2001;849006;614;540;124;25;68;171;0,275925926
2001;849007;548;485;148;17;47;161;0,340206186
2001;849008;2318;1944;605;113;161;687;0,369341564
2001;849009;1197;1036;290;71;71;385;0,348455598
2001;849010;536;459;158;18;30;172;0,383442266
2001;849011;888;736;187;48;57;249;0,319293478
2001;849012;1361;1158;328;51;97;382;0,327288428
2001;849013;3296;2762;775;104;260;1071;0,318247647
2001;849014;1121;930;237;23;85;393;0,279569892
2001;849015;874;719;146;35;61;297;0,251738526
2001;849016;1011;862;192;39;90;344;0,267981439
2001;849018;2442;2041;747;103;184;621;0,416462518
2001;849019;2409;2012;955;78;118;453;0,513419483
2001;849020;1073;957;238;47;126;321;0,297805643
2001;849021;1052;870;229;30;107;322;0,297701149
2001;851003;8198;6898;2778;281;497;1502;0,443461873
2001;851005;8218;6827;2923;232;501;1418;0,462135638
2001;851007;2139;1891;623;55;225;603;0,358540455
2001;851010;4841;4249;1235;174;419;1469;0,331607437
2001;851011;5296;4574;1445;197;413;1425;0,358985571
2001;851014;3783;3071;1194;148;215;610;0,436991208
2001;851015;6151;5097;1444;376;504;1411;0,357072788
2001;851016;9358;7451;1772;639;875;2246;0,323580727
2001;851017;6353;5527;1777;325;529;1414;0,380314818
2001;851018;4032;3396;1108;168;349;972;0,37573616
2001;851019;8734;7368;1717;477;1038;2391;0,297774159
2001;851022;3357;3002;849;126;239;1095;0,324783478
2001;851024;4667;3988;1298;155;381;1281;0,364343029
2001;851027;7884;6323;2349;374;535;1543;0,430650008
2001;851029;7859,74;6353,42;2400,2;328,71;485,17;1457,48;0,429518275
2001;851030;3894;3312;1326;142;223;670;0,443236715
2001;851031;6111;5093;1992;238;379;1144;0,437855881
2001;851032;2761;2298;896;129;143;529;0,446040035
2001;851033;2917;2682;918;112;259;854;0,38404176
2001;851034;6032;5338;1582;318;510;1650;0,355938554
2001;851035;4468,26;3973,58;1146,8;258,29;375,83;1204,52;0,353608081
2001;851038;2557;2279;723;96;175;782;0,359368144
2001;851040;5520;4304;1774;201;299;736;0,458875465
2001;851043;4113;3631;1252;139;313;1174;0,383090058
2001;851044;3160;2779;937;92;275;843;0,370277078
2001;851046;1141;969;318;34;89;328;0,363261094
2001;851047;4300;3775;1093;162;286;1466;0,332450331
2001;851052;1690;1472;409;51;116;577;0,3125
2001;851056;1612;1354;541;41;92;427;0,429837518
2001;851058;1899;1620;595;49;102;506;0,397530864
2001;851061;3360;2974;1152;109;240;906;0,42400807
2001;860001;1494;1321;319;48;248;348;0,277819833
2001;860003;4985;3987;1176;126;980;801;0,326561324
2001;860004;8182,8;6765,69;2253,62;373,31;853,58;1846,3;0,388272297
2001;860006;1338;1189;315;50;236;322;0,306980656
2001;860007;1395;1169;253;43;158;475;0,25320787
2001;860008;1478;1263;266;65;201;440;0,262074426
2001;860011;2745,28;2267,38;595,72;98,26;214,95;864,46;0,306071325
2001;860012;1556,72;1268,62;332,28;54,74;144,05;495,54;0,305071653
2001;860013;1357;1196;284;58;137;471;0,285953177
2001;860014;1234;1095;279;64;111;369;0,313242009
2001;860015;3699,58;3326,63;1081,15;143,17;481,28;995,18;0,368036121
2001;860016;4909,61;4245,29;1414,62;179,02;569,76;1273,21;0,375390138
2001;860018;2942;2447;847;119;298;668;0,394769105
2001;860019;3403;2878;781;127;287;1017;0,315496873
2001;860020;952;835;184;32;116;306;0,258682635
2001;860021;2395;2017;538;76;326;645;0,304412494
2001;860022;2781,84;2297,74;595,74;77,47;246,8;847,58;0,292987892
2001;860023;864;761;174;37;74;311;0,277266754
2001;860026;1097;941;249;36;77;331;0,302869288
2001;860027;865;791;219;25;86;279;0,308470291
2001;860028;1339,17;1147,66;295,86;32,03;80,59;445,72;0,285703083
